time,open,high,low,close,volume,complete
2018-01-01 22:00:00,1.20071,1.20812,1.20019,1.2058,35630,True
2018-01-02 22:00:00,1.2059,1.20666,1.2001,1.20144,31354,True
2018-01-03 22:00:00,1.20144,1.2089,1.20042,1.20683,35187,True
2018-01-04 22:00:00,1.20664,1.20834,1.20208,1.20297,36478,True
2018-01-07 22:00:00,1.20271,1.20522,1.19558,1.19687,27618,True
2018-01-08 22:00:00,1.19689,1.19756,1.19159,1.19369,30682,True
2018-01-09 22:00:00,1.19369,1.20182,1.19235,1.19474,53721,True
2018-01-10 22:00:00,1.19479,1.20592,1.19295,1.2032,56416,True
2018-01-11 22:00:00,1.20332,1.22193,1.20308,1.21968,72621,True
2018-01-14 22:00:00,1.21935,1.22968,1.21878,1.22636,58122,True
2018-01-15 22:00:00,1.22655,1.22832,1.21952,1.22607,62083,True
2018-01-16 22:00:00,1.22591,1.2323,1.21776,1.21854,79900,True
2018-01-17 22:00:00,1.21872,1.2265,1.21653,1.2239,62278,True
2018-01-18 22:00:00,1.2237,1.22954,1.22152,1.22211,63825,True
2018-01-21 22:00:00,1.22716,1.22743,1.22141,1.22614,46154,True
2018-01-22 22:00:00,1.22614,1.23062,1.2223,1.2299,54615,True
2018-01-23 22:00:00,1.23004,1.24154,1.22914,1.2408,77439,True
2018-01-24 22:00:00,1.24104,1.25374,1.23642,1.2398,177246,True
2018-01-25 22:00:00,1.2394,1.2494,1.23699,1.24296,107812,True
2018-01-28 22:00:00,1.2428,1.24324,1.2337,1.23827,75291,True
2018-01-29 22:00:00,1.2381,1.24543,1.23349,1.24024,79856,True
2018-01-30 22:00:00,1.24028,1.24748,1.2387,1.24138,102596,True
2018-01-31 22:00:00,1.24098,1.25233,1.23849,1.25079,83787,True
2018-02-01 22:00:00,1.25135,1.25184,1.24092,1.24566,96966,True
2018-02-04 22:00:00,1.24359,1.2475,1.23625,1.23671,101428,True
2018-02-05 22:00:00,1.23671,1.24346,1.23138,1.2377,133358,True
2018-02-06 22:00:00,1.23763,1.24064,1.2246,1.2263,75446,True
2018-02-07 22:00:00,1.22606,1.2295,1.22122,1.2247,104899,True
2018-02-08 22:00:00,1.22458,1.22871,1.2206,1.22512,98355,True
2018-02-11 22:00:00,1.2249,1.22978,1.22352,1.22912,53579,True
2018-02-12 22:00:00,1.2289,1.23711,1.22844,1.23521,55988,True
2018-02-13 22:00:00,1.23517,1.24654,1.2276,1.24505,93162,True
2018-02-14 22:00:00,1.2452,1.25108,1.24483,1.25066,76999,True
2018-02-15 22:00:00,1.2503,1.2556,1.23936,1.24097,76751,True
2018-02-18 22:00:00,1.24027,1.24354,1.23691,1.24074,48999,True
2018-02-19 22:00:00,1.24054,1.24123,1.23197,1.23372,63494,True
2018-02-20 22:00:00,1.23376,1.236,1.22812,1.22854,81535,True
2018-02-21 22:00:00,1.2286,1.23524,1.22596,1.23314,63036,True
2018-02-22 22:00:00,1.23296,1.23376,1.228,1.22957,48786,True
2018-02-25 22:00:00,1.22952,1.2355,1.22776,1.23176,51392,True
2018-02-26 22:00:00,1.23183,1.23464,1.22218,1.22333,68726,True
2018-02-27 22:00:00,1.22333,1.22415,1.21874,1.21946,58761,True
2018-02-28 22:00:00,1.21932,1.22736,1.21542,1.22666,77199,True
2018-03-01 22:00:00,1.2262,1.2336,1.22514,1.23183,68139,True
2018-03-04 22:00:00,1.23336,1.23656,1.22689,1.23358,70397,True
2018-03-05 22:00:00,1.23358,1.24205,1.23284,1.2405,60303,True
2018-03-06 22:00:00,1.2407,1.24464,1.23849,1.24114,66027,True
2018-03-07 22:00:00,1.24114,1.24465,1.22978,1.23122,79137,True
2018-03-08 22:00:00,1.23114,1.23346,1.22728,1.23059,64098,True
2018-03-11 21:00:00,1.23138,1.23456,1.22904,1.23347,37231,True
2018-03-12 21:00:00,1.23395,1.24075,1.23146,1.23904,56176,True
2018-03-13 21:00:00,1.23908,1.24126,1.23471,1.23678,47824,True
2018-03-14 21:00:00,1.23658,1.2384,1.23002,1.23048,45401,True
2018-03-15 21:00:00,1.23048,1.23362,1.22604,1.22895,40632,True
2018-03-18 21:00:00,1.22863,1.2359,1.2258,1.23354,50420,True
2018-03-19 21:00:00,1.23354,1.23546,1.22398,1.22412,45948,True
2018-03-20 21:00:00,1.22412,1.23498,1.22405,1.23376,75552,True
2018-03-21 21:00:00,1.2341,1.23884,1.22853,1.23013,66038,True
2018-03-22 21:00:00,1.23005,1.23738,1.22999,1.23524,56603,True
2018-03-25 21:00:00,1.235,1.24616,1.235,1.24451,45028,True
2018-03-26 21:00:00,1.24479,1.24767,1.23722,1.24028,50930,True
2018-03-27 21:00:00,1.24028,1.24218,1.22999,1.23079,53275,True
2018-03-28 21:00:00,1.23086,1.23366,1.22842,1.22998,46145,True
2018-03-29 21:00:00,1.23015,1.23312,1.22904,1.23241,21400,True
2018-04-01 21:00:00,1.23213,1.2345,1.22814,1.2302,26660,True
2018-04-02 21:00:00,1.23024,1.23362,1.22534,1.22706,43925,True
2018-04-03 21:00:00,1.22686,1.23148,1.22569,1.22777,42892,True
2018-04-04 21:00:00,1.22787,1.22902,1.22184,1.22398,39823,True
2018-04-05 21:00:00,1.22398,1.22912,1.22149,1.22811,60781,True
2018-04-08 21:00:00,1.2287,1.23311,1.22604,1.23209,46133,True
2018-04-09 21:00:00,1.23189,1.23776,1.23027,1.2356,54193,True
2018-04-10 21:00:00,1.23543,1.23976,1.2347,1.23674,46190,True
2018-04-11 21:00:00,1.23658,1.23799,1.22991,1.2326,49137,True
2018-04-12 21:00:00,1.23278,1.23462,1.2307,1.23306,37690,True
2018-04-15 21:00:00,1.23342,1.23948,1.2324,1.23792,35426,True
2018-04-16 21:00:00,1.23815,1.2414,1.23362,1.23698,37050,True
2018-04-17 21:00:00,1.23733,1.23973,1.23416,1.23742,43255,True
2018-04-18 21:00:00,1.23742,1.24004,1.23292,1.23451,47499,True
2018-04-19 21:00:00,1.23472,1.23528,1.22498,1.22884,44915,True
2018-04-22 21:00:00,1.22735,1.22896,1.21975,1.22083,43453,True
2018-04-23 21:00:00,1.22083,1.22449,1.21817,1.2233,47020,True
2018-04-24 21:00:00,1.2233,1.22388,1.21604,1.21608,41689,True
2018-04-25 21:00:00,1.21615,1.22101,1.20965,1.21032,65983,True
2018-04-26 21:00:00,1.21058,1.2133,1.20556,1.21303,48798,True
2018-04-29 21:00:00,1.21245,1.2139,1.20646,1.2079,45831,True
2018-04-30 21:00:00,1.20775,1.20842,1.19812,1.1992,41295,True
2018-05-01 21:00:00,1.1993,1.2032,1.19376,1.19506,70551,True
2018-05-02 21:00:00,1.19517,1.20089,1.19474,1.19889,63454,True
2018-05-03 21:00:00,1.1988,1.19956,1.19102,1.19619,55412,True
2018-05-06 21:00:00,1.19581,1.19782,1.18972,1.19228,36386,True
2018-05-07 21:00:00,1.19239,1.19391,1.1838,1.18644,57703,True
2018-05-08 21:00:00,1.18616,1.1897,1.18224,1.18512,50014,True
2018-05-09 21:00:00,1.18495,1.19466,1.18432,1.19156,67964,True
2018-05-10 21:00:00,1.19156,1.19682,1.18912,1.1941,45179,True
2018-05-13 21:00:00,1.19436,1.19964,1.1926,1.19266,40490,True
2018-05-14 21:00:00,1.19229,1.19387,1.18202,1.18374,60566,True
2018-05-15 21:00:00,1.18394,1.18542,1.17632,1.1808,71967,True
2018-05-16 21:00:00,1.18063,1.18376,1.17763,1.17941,61176,True
2018-05-17 21:00:00,1.17948,1.18222,1.17499,1.17694,46549,True
2018-05-20 21:00:00,1.17728,1.17958,1.17164,1.17912,42299,True
2018-05-21 21:00:00,1.17888,1.18301,1.17566,1.17779,51881,True
2018-05-22 21:00:00,1.1781,1.17897,1.16756,1.16972,81175,True
2018-05-23 21:00:00,1.16962,1.17506,1.16905,1.17194,66651,True
2018-05-24 21:00:00,1.17215,1.17339,1.16453,1.1649,64344,True
2018-05-27 21:00:00,1.16868,1.17288,1.16074,1.16239,53511,True
2018-05-28 21:00:00,1.16247,1.16397,1.151,1.15386,90807,True
2018-05-29 21:00:00,1.15352,1.16766,1.15184,1.16642,92402,True
2018-05-30 21:00:00,1.16628,1.17244,1.1641,1.16941,83092,True
2018-05-31 21:00:00,1.16902,1.17182,1.16174,1.16591,81158,True
2018-06-03 21:00:00,1.16591,1.17446,1.16591,1.16986,54201,True
2018-06-04 21:00:00,1.16969,1.17324,1.16525,1.17184,60668,True
2018-06-05 21:00:00,1.17129,1.17959,1.17124,1.17744,57923,True
2018-06-06 21:00:00,1.17752,1.18399,1.17727,1.1799,62212,True
2018-06-07 21:00:00,1.18014,1.18104,1.1727,1.1769,57780,True
2018-06-10 21:00:00,1.17752,1.18204,1.1771,1.17845,43072,True
2018-06-11 21:00:00,1.17825,1.18089,1.17332,1.17436,56915,True
2018-06-12 21:00:00,1.17462,1.18011,1.17254,1.1793,63126,True
2018-06-13 21:00:00,1.17916,1.18518,1.15627,1.15677,89311,True
2018-06-14 21:00:00,1.15691,1.16272,1.15431,1.16089,69625,True
2018-06-17 21:00:00,1.15884,1.16246,1.15654,1.16232,43908,True
2018-06-18 21:00:00,1.16232,1.16446,1.1531,1.15916,75009,True
2018-06-19 21:00:00,1.15896,1.16003,1.15356,1.15761,60759,True
2018-06-20 21:00:00,1.1573,1.16338,1.1508,1.16028,84865,True
2018-06-21 21:00:00,1.16035,1.16754,1.16004,1.16574,76671,True
2018-06-24 21:00:00,1.16647,1.17134,1.16284,1.17037,65830,True
2018-06-25 21:00:00,1.17042,1.17212,1.16348,1.16465,71193,True
2018-06-26 21:00:00,1.16457,1.1672,1.15403,1.15542,75596,True
2018-06-27 21:00:00,1.15534,1.1601,1.15272,1.1569,80665,True
2018-06-28 21:00:00,1.15664,1.16904,1.15584,1.16847,99816,True
2018-07-01 21:00:00,1.16803,1.16918,1.15914,1.16392,56859,True
2018-07-02 21:00:00,1.16392,1.1673,1.16205,1.1659,50716,True
2018-07-03 21:00:00,1.1657,1.16818,1.16304,1.1656,47730,True
2018-07-04 21:00:00,1.16567,1.17202,1.165,1.16918,56477,True
2018-07-05 21:00:00,1.16899,1.17684,1.16798,1.17457,53246,True
2018-07-08 21:00:00,1.17444,1.17908,1.17326,1.17509,48280,True
2018-07-09 21:00:00,1.17557,1.17628,1.16904,1.17444,44005,True
2018-07-10 21:00:00,1.17427,1.17588,1.16656,1.16743,66462,True
2018-07-11 21:00:00,1.16729,1.16962,1.16496,1.16719,56354,True
2018-07-12 21:00:00,1.16707,1.16873,1.16128,1.16858,51209,True
2018-07-15 21:00:00,1.16908,1.17256,1.16758,1.17112,44882,True
2018-07-16 21:00:00,1.17096,1.17448,1.16494,1.16618,52923,True
2018-07-17 21:00:00,1.16599,1.16652,1.16018,1.16392,52562,True
2018-07-18 21:00:00,1.16386,1.16789,1.15748,1.16418,80187,True
2018-07-19 21:00:00,1.16453,1.17386,1.16264,1.17227,88988,True
2018-07-22 21:00:00,1.17266,1.17514,1.16836,1.1691,50640,True
2018-07-23 21:00:00,1.16906,1.17168,1.16546,1.16831,56073,True
2018-07-24 21:00:00,1.16814,1.17388,1.16642,1.17297,60380,True
2018-07-25 21:00:00,1.17327,1.17438,1.16403,1.16416,60116,True
2018-07-26 21:00:00,1.16416,1.16644,1.16204,1.16568,45995,True
2018-07-29 21:00:00,1.1657,1.17188,1.16484,1.17053,32520,True
2018-07-30 21:00:00,1.17059,1.17462,1.16844,1.16908,48742,True
2018-07-31 21:00:00,1.1693,1.16996,1.16574,1.16592,46203,True
2018-08-01 21:00:00,1.16588,1.16676,1.15816,1.15844,43238,True
2018-08-02 21:00:00,1.15872,1.16109,1.15596,1.15674,51501,True
2018-08-05 21:00:00,1.15688,1.1572,1.15298,1.15527,31761,True
2018-08-06 21:00:00,1.15536,1.16084,1.155,1.15982,34180,True
2018-08-07 21:00:00,1.15992,1.1628,1.15732,1.16104,33812,True
2018-08-08 21:00:00,1.16106,1.16192,1.15256,1.15263,36446,True
2018-08-09 21:00:00,1.15278,1.15368,1.13882,1.14119,94064,True
2018-08-12 21:00:00,1.13715,1.14328,1.13652,1.14094,75061,True
2018-08-13 21:00:00,1.14112,1.14294,1.133,1.13436,54349,True
2018-08-14 21:00:00,1.1346,1.13554,1.1301,1.13462,57188,True
2018-08-15 21:00:00,1.13462,1.14091,1.13358,1.13762,61294,True
2018-08-16 21:00:00,1.13762,1.1445,1.13666,1.14376,50295,True
2018-08-19 21:00:00,1.14395,1.14853,1.13946,1.14825,38513,True
2018-08-20 21:00:00,1.14812,1.16015,1.1481,1.15707,58070,True
2018-08-21 21:00:00,1.15712,1.1623,1.15532,1.15964,49474,True
2018-08-22 21:00:00,1.15944,1.16002,1.15299,1.15416,49313,True
2018-08-23 21:00:00,1.15375,1.16402,1.15346,1.1622,52689,True
2018-08-26 21:00:00,1.16154,1.1694,1.15947,1.16783,41573,True
2018-08-27 21:00:00,1.1679,1.17337,1.16623,1.16948,46904,True
2018-08-28 21:00:00,1.1696,1.17098,1.16521,1.17074,52113,True
2018-08-29 21:00:00,1.1706,1.17185,1.16416,1.16682,51517,True
2018-08-30 21:00:00,1.16666,1.16912,1.15844,1.16019,64060,True
2018-09-02 21:00:00,1.15982,1.16279,1.15894,1.16204,34705,True
2018-09-03 21:00:00,1.16198,1.16214,1.15302,1.1583,46399,True
2018-09-04 21:00:00,1.15806,1.1641,1.15432,1.16308,55753,True
2018-09-05 21:00:00,1.16308,1.16594,1.16054,1.16234,51070,True
2018-09-06 21:00:00,1.16216,1.16496,1.15505,1.15521,62733,True
2018-09-09 21:00:00,1.15477,1.16164,1.1526,1.15938,36646,True
2018-09-10 21:00:00,1.15952,1.1644,1.15656,1.16044,41155,True
2018-09-11 21:00:00,1.16065,1.165,1.15702,1.1627,45271,True
2018-09-12 21:00:00,1.16267,1.17012,1.1609,1.16901,45321,True
2018-09-13 21:00:00,1.16901,1.17218,1.16207,1.1625,43526,True
2018-09-16 21:00:00,1.1626,1.1698,1.16178,1.16838,31421,True
2018-09-17 21:00:00,1.16851,1.17248,1.1652,1.16676,50868,True
2018-09-18 21:00:00,1.16654,1.17152,1.165,1.16718,44841,True
2018-09-19 21:00:00,1.16738,1.17846,1.16688,1.17776,54279,True
2018-09-20 21:00:00,1.17776,1.1803,1.17331,1.17482,48982,True
2018-09-23 21:00:00,1.17457,1.18151,1.1724,1.1747,40595,True
2018-09-24 21:00:00,1.1749,1.17926,1.17308,1.17666,41864,True
2018-09-25 21:00:00,1.1766,1.17976,1.17258,1.17409,57517,True
2018-09-26 21:00:00,1.17386,1.17572,1.1639,1.1641,61026,True
2018-09-27 21:00:00,1.1641,1.16514,1.15698,1.16027,50533,True
2018-09-30 21:00:00,1.16182,1.16253,1.15634,1.1578,41330,True
2018-10-01 21:00:00,1.15792,1.15808,1.15052,1.15493,46326,True
2018-10-02 21:00:00,1.15496,1.1594,1.1464,1.14786,63248,True
2018-10-03 21:00:00,1.14736,1.1543,1.14636,1.15141,54718,True
2018-10-04 21:00:00,1.1516,1.15502,1.14838,1.15221,58505,True
2018-10-07 21:00:00,1.15231,1.15298,1.146,1.14916,37216,True
2018-10-08 21:00:00,1.14879,1.15035,1.14322,1.1492,57076,True
2018-10-09 21:00:00,1.14904,1.15451,1.14798,1.1521,55116,True
2018-10-10 21:00:00,1.15219,1.15996,1.15201,1.15936,84171,True
2018-10-11 21:00:00,1.15873,1.16106,1.15344,1.15597,54772,True
2018-10-14 21:00:00,1.15404,1.16064,1.15397,1.15788,44618,True
2018-10-15 21:00:00,1.15795,1.16216,1.15658,1.15747,44825,True
2018-10-16 21:00:00,1.15734,1.15802,1.14962,1.15,53878,True
2018-10-17 21:00:00,1.15014,1.15272,1.14496,1.14526,59044,True
2018-10-18 21:00:00,1.14538,1.15348,1.14332,1.15142,62675,True
2018-10-21 21:00:00,1.15164,1.15503,1.14558,1.14647,47072,True
2018-10-22 21:00:00,1.14647,1.14898,1.14396,1.14721,55514,True
2018-10-23 21:00:00,1.14728,1.1477,1.13786,1.13914,64946,True
2018-10-24 21:00:00,1.13926,1.14328,1.13561,1.13748,60657,True
2018-10-25 21:00:00,1.13741,1.14208,1.13357,1.14033,62251,True
2018-10-28 21:00:00,1.13934,1.14165,1.13607,1.13732,53323,True
2018-10-29 21:00:00,1.13732,1.13878,1.13404,1.13452,47796,True
2018-10-30 21:00:00,1.13442,1.13604,1.1302,1.13117,56138,True
2018-10-31 21:00:00,1.13114,1.14244,1.13078,1.14088,58126,True
2018-11-01 21:00:00,1.14078,1.14562,1.1372,1.13875,66612,True
2018-11-04 22:00:00,1.13883,1.14242,1.13534,1.14066,45338,True
2018-11-05 22:00:00,1.14062,1.14381,1.13916,1.14268,43197,True
2018-11-06 22:00:00,1.1427,1.15004,1.13951,1.14254,84820,True
2018-11-07 22:00:00,1.14266,1.1447,1.13515,1.13631,60403,True
2018-11-08 22:00:00,1.13643,1.13694,1.1316,1.13371,58738,True
2018-11-11 22:00:00,1.13232,1.13314,1.12155,1.12173,56937,True
2018-11-12 22:00:00,1.12184,1.1294,1.12164,1.12907,66773,True
2018-11-13 22:00:00,1.12898,1.1348,1.12632,1.13094,88609,True
2018-11-14 22:00:00,1.13084,1.13627,1.12706,1.13288,88462,True
2018-11-15 22:00:00,1.13248,1.14207,1.13216,1.14184,63116,True
2018-11-18 22:00:00,1.14138,1.14649,1.1394,1.14526,42887,True
2018-11-19 22:00:00,1.14558,1.14722,1.13586,1.13705,53042,True
2018-11-20 22:00:00,1.13676,1.14251,1.13654,1.13852,49349,True
2018-11-21 22:00:00,1.13833,1.14338,1.1381,1.14013,41194,True
2018-11-22 22:00:00,1.14042,1.14212,1.13276,1.13359,43358,True
2018-11-25 22:00:00,1.13406,1.13834,1.1325,1.13276,44249,True
2018-11-26 22:00:00,1.13271,1.1344,1.12774,1.12933,54367,True
2018-11-27 22:00:00,1.12904,1.1388,1.12674,1.13667,62236,True
2018-11-28 22:00:00,1.13685,1.14018,1.13492,1.1393,51516,True
2018-11-29 22:00:00,1.13867,1.14006,1.13054,1.13159,46504,True
2018-12-02 22:00:00,1.1352,1.13796,1.13193,1.13544,48806,True
2018-12-03 22:00:00,1.13537,1.14187,1.13186,1.13433,60446,True
2018-12-04 22:00:00,1.13438,1.13614,1.1311,1.13444,37483,True
2018-12-05 22:00:00,1.13448,1.14125,1.13212,1.13768,74113,True
2018-12-06 22:00:00,1.13739,1.14239,1.13603,1.13795,65511,True
2018-12-09 22:00:00,1.13922,1.14428,1.13506,1.13552,68420,True
2018-12-10 22:00:00,1.13544,1.14007,1.13062,1.1318,56356,True
2018-12-11 22:00:00,1.13164,1.13876,1.13148,1.13687,62390,True
2018-12-12 22:00:00,1.13695,1.13935,1.13312,1.13576,58567,True
2018-12-13 22:00:00,1.13612,1.1367,1.12701,1.13052,52626,True
2018-12-16 22:00:00,1.13028,1.13579,1.12998,1.13476,23879,True
2018-12-17 22:00:00,1.13476,1.14024,1.1337,1.1363,26001,True
2018-12-18 22:00:00,1.13652,1.14392,1.13618,1.13772,41716,True
2018-12-19 22:00:00,1.13758,1.14856,1.13696,1.14456,41035,True
2018-12-20 22:00:00,1.14475,1.14742,1.13561,1.13718,35475,True
2018-12-23 22:00:00,1.13728,1.14386,1.13614,1.14067,37197,True
2018-12-25 22:00:00,1.14067,1.14202,1.13432,1.13522,27378,True
2018-12-26 22:00:00,1.13536,1.14542,1.13524,1.14306,40601,True
2018-12-27 22:00:00,1.14296,1.14728,1.14274,1.14448,32071,True
2018-12-30 22:00:00,1.14372,1.14682,1.14216,1.14649,25151,True
2019-01-01 22:00:00,1.14649,1.1497,1.1325,1.13447,35508,True
2019-01-02 22:00:00,1.13431,1.14112,1.13091,1.13942,54135,True
2019-01-03 22:00:00,1.1393,1.1419,1.13458,1.13951,41022,True
2019-01-06 22:00:00,1.13974,1.14827,1.13972,1.14748,25648,True
2019-01-07 22:00:00,1.14773,1.14848,1.14219,1.14417,25474,True
2019-01-08 22:00:00,1.14417,1.15584,1.14364,1.15426,39158,True
2019-01-09 22:00:00,1.1542,1.15702,1.14846,1.15002,32717,True
2019-01-10 22:00:00,1.14996,1.15406,1.14582,1.14687,31499,True
2019-01-13 22:00:00,1.14609,1.1482,1.14508,1.14684,25568,True
2019-01-14 22:00:00,1.14684,1.14898,1.13822,1.1413,37543,True
2019-01-15 22:00:00,1.14114,1.14248,1.13779,1.13914,25310,True
2019-01-16 22:00:00,1.1394,1.1406,1.13702,1.13892,25488,True
2019-01-17 22:00:00,1.13884,1.14104,1.13532,1.1362,22898,True
2019-01-20 22:00:00,1.13616,1.13914,1.13569,1.13658,17356,True
2019-01-21 22:00:00,1.13672,1.13738,1.1336,1.13596,20469,True
2019-01-22 22:00:00,1.13606,1.13946,1.13508,1.13807,20044,True
2019-01-23 22:00:00,1.13811,1.13915,1.12894,1.1305,39217,True
2019-01-24 22:00:00,1.13034,1.14176,1.13004,1.14057,31133,True
2019-01-27 22:00:00,1.14016,1.14439,1.13904,1.14262,20895,True
2019-01-28 22:00:00,1.14292,1.14502,1.14113,1.14328,26093,True
2019-01-29 22:00:00,1.14318,1.15018,1.14063,1.148,29910,True
2019-01-30 22:00:00,1.148,1.15144,1.1436,1.14474,23932,True
2019-01-31 22:00:00,1.14478,1.14884,1.14345,1.14562,20845,True
2019-02-03 22:00:00,1.14521,1.14603,1.14244,1.14376,14438,True
2019-02-04 22:00:00,1.14376,1.14404,1.14011,1.14042,14734,True
2019-02-05 22:00:00,1.1405,1.14096,1.13608,1.13618,14020,True
2019-02-06 22:00:00,1.13638,1.13689,1.13247,1.13394,14822,True
2019-02-07 22:00:00,1.13402,1.13509,1.13212,1.13224,12190,True
2019-02-10 22:00:00,1.13202,1.133,1.12674,1.12756,13044,True
2019-02-11 22:00:00,1.12767,1.13397,1.12578,1.1326,12874,True
2019-02-12 22:00:00,1.13264,1.13415,1.12602,1.12607,15439,True
2019-02-13 22:00:00,1.12602,1.13097,1.12493,1.12954,21092,True
2019-02-14 22:00:00,1.12948,1.13061,1.12343,1.12946,17353,True
2019-02-17 22:00:00,1.12926,1.13338,1.12896,1.13106,9514,True
2019-02-18 22:00:00,1.13118,1.13576,1.12756,1.13406,17461,True
2019-02-19 22:00:00,1.13419,1.13712,1.1325,1.1337,18772,True
2019-02-20 22:00:00,1.13378,1.13664,1.13204,1.13343,21729,True
2019-02-21 22:00:00,1.13385,1.13556,1.13162,1.13342,14898,True
2019-02-24 22:00:00,1.13359,1.13675,1.13286,1.13574,13830,True
2019-02-25 22:00:00,1.13616,1.14028,1.13453,1.13892,17286,True
2019-02-26 22:00:00,1.13894,1.14036,1.13624,1.13695,16900,True
2019-02-27 22:00:00,1.13673,1.14197,1.13596,1.13706,20344,True
2019-02-28 22:00:00,1.13706,1.14086,1.13532,1.13648,17278,True
2019-03-03 22:00:00,1.13828,1.13831,1.13092,1.13398,13541,True
2019-03-04 22:00:00,1.13396,1.13412,1.12896,1.13078,15716,True
2019-03-05 22:00:00,1.13078,1.13246,1.12854,1.13066,14393,True
2019-03-06 22:00:00,1.13072,1.13202,1.11764,1.1194,25478,True
2019-03-07 22:00:00,1.11937,1.12461,1.11854,1.12347,19054,True
2019-03-10 21:00:00,1.12336,1.12586,1.12218,1.1245,13375,True
2019-03-11 21:00:00,1.12452,1.1305,1.12452,1.12874,20105,True
2019-03-12 21:00:00,1.12864,1.13387,1.12776,1.13278,14718,True
2019-03-13 21:00:00,1.13296,1.13376,1.12942,1.13044,16036,True
2019-03-14 21:00:00,1.13032,1.13444,1.12998,1.1325,12998,True
2019-03-17 21:00:00,1.13226,1.13588,1.13194,1.13394,10656,True
2019-03-18 21:00:00,1.13354,1.13616,1.13338,1.13507,10636,True
2019-03-19 21:00:00,1.13521,1.14482,1.13358,1.14128,19452,True
2019-03-20 21:00:00,1.14128,1.14376,1.13428,1.13754,19644,True
2019-03-21 21:00:00,1.13749,1.13906,1.12736,1.13014,25251,True
2019-03-24 21:00:00,1.1293,1.13314,1.12892,1.13128,15789,True
2019-03-25 21:00:00,1.13108,1.13259,1.12634,1.12656,16060,True
2019-03-26 21:00:00,1.1265,1.12856,1.12423,1.1244,21214,True
2019-03-27 21:00:00,1.12452,1.12612,1.12137,1.1224,20207,True
2019-03-28 21:00:00,1.12217,1.12466,1.121,1.12178,19942,True
2019-03-31 21:00:00,1.12296,1.12498,1.12041,1.12128,16328,True
2019-04-01 21:00:00,1.12125,1.12161,1.11839,1.12044,13928,True
2019-04-02 21:00:00,1.12042,1.12546,1.1201,1.1233,13767,True
2019-04-03 21:00:00,1.1233,1.12478,1.12061,1.12206,11388,True
2019-04-04 21:00:00,1.12197,1.12464,1.12103,1.12162,11740,True
2019-04-07 21:00:00,1.12176,1.12746,1.12144,1.12611,9177,True
2019-04-08 21:00:00,1.12629,1.12842,1.12553,1.12627,11146,True
2019-04-09 21:00:00,1.12627,1.12876,1.12298,1.12737,15079,True
2019-04-10 21:00:00,1.12734,1.12874,1.125,1.12541,10608,True
2019-04-11 21:00:00,1.12536,1.13239,1.12536,1.12988,12464,True
2019-04-14 21:00:00,1.13046,1.1321,1.12976,1.13044,9631,True
2019-04-15 21:00:00,1.13042,1.1314,1.12796,1.12808,14524,True
2019-04-16 21:00:00,1.12828,1.13237,1.12788,1.1298,12141,True
2019-04-17 21:00:00,1.12962,1.13042,1.12263,1.12306,16438,True
2019-04-18 21:00:00,1.1231,1.12477,1.1229,1.12452,3379,True
2019-04-21 21:00:00,1.12447,1.1262,1.1236,1.12572,4239,True
2019-04-22 21:00:00,1.12572,1.12612,1.11924,1.12272,11482,True
2019-04-23 21:00:00,1.12268,1.12268,1.11406,1.11538,18309,True
2019-04-24 21:00:00,1.11538,1.11625,1.11184,1.1132,15505,True
2019-04-25 21:00:00,1.1132,1.11739,1.11115,1.11472,17895,True
2019-04-28 21:00:00,1.11465,1.11868,1.11452,1.11852,9923,True
2019-04-29 21:00:00,1.11854,1.12292,1.1176,1.12151,15722,True
2019-04-30 21:00:00,1.12151,1.12649,1.11873,1.11949,19826,True
2019-05-01 21:00:00,1.11962,1.12191,1.1171,1.11726,14734,True
2019-05-02 21:00:00,1.11722,1.12048,1.11354,1.12013,18001,True
2019-05-05 21:00:00,1.11738,1.12093,1.11708,1.11994,14192,True
2019-05-06 21:00:00,1.12004,1.1218,1.11666,1.11917,16102,True
2019-05-07 21:00:00,1.11912,1.12136,1.11829,1.11921,18556,True
2019-05-08 21:00:00,1.11914,1.1251,1.11736,1.12132,21220,True
2019-05-09 21:00:00,1.12168,1.12536,1.12142,1.12336,17069,True
2019-05-12 21:00:00,1.12348,1.12636,1.12222,1.12231,14941,True
2019-05-13 21:00:00,1.12227,1.12438,1.12012,1.1204,12471,True
2019-05-14 21:00:00,1.1204,1.12246,1.1178,1.12017,15907,True
2019-05-15 21:00:00,1.12017,1.1224,1.11664,1.11736,12018,True
2019-05-16 21:00:00,1.11747,1.11843,1.11553,1.11574,13348,True
2019-05-19 21:00:00,1.1161,1.11748,1.11508,1.11659,9247,True
2019-05-20 21:00:00,1.11664,1.1188,1.1142,1.11613,12979,True
2019-05-21 21:00:00,1.11606,1.11802,1.11488,1.11507,9933,True
2019-05-22 21:00:00,1.11507,1.11876,1.11072,1.11818,16500,True
2019-05-23 21:00:00,1.11812,1.12121,1.11737,1.12038,11407,True
2019-05-26 21:00:00,1.12099,1.12152,1.11872,1.11932,4665,True
2019-05-27 21:00:00,1.11932,1.11984,1.11594,1.11602,11949,True
2019-05-28 21:00:00,1.11608,1.11724,1.11244,1.1131,13410,True
2019-05-29 21:00:00,1.11322,1.11433,1.11162,1.11292,10043,True
2019-05-30 21:00:00,1.11292,1.11797,1.11252,1.11688,17523,True
2019-06-02 21:00:00,1.11664,1.1262,1.11603,1.12416,17768,True
2019-06-03 21:00:00,1.12416,1.12774,1.12265,1.1252,21230,True
2019-06-04 21:00:00,1.12514,1.13068,1.12198,1.1221,24598,True
2019-06-05 21:00:00,1.1222,1.1309,1.12018,1.12754,27366,True
2019-06-06 21:00:00,1.1278,1.13478,1.12514,1.13333,21464,True
2019-06-09 21:00:00,1.13213,1.13311,1.12901,1.13116,12089,True
2019-06-10 21:00:00,1.13119,1.13376,1.13013,1.1326,15691,True
2019-06-11 21:00:00,1.1327,1.13434,1.12825,1.12874,16707,True
2019-06-12 21:00:00,1.12878,1.13036,1.12686,1.12764,12847,True
2019-06-13 21:00:00,1.12772,1.12892,1.12025,1.12096,17189,True
2019-06-16 21:00:00,1.12108,1.1247,1.12039,1.1218,10145,True
2019-06-17 21:00:00,1.12186,1.12428,1.11816,1.11942,24577,True
2019-06-18 21:00:00,1.11936,1.1254,1.11873,1.12262,23981,True
2019-06-19 21:00:00,1.12264,1.13174,1.12264,1.12916,23056,True
2019-06-20 21:00:00,1.12931,1.13778,1.12831,1.13688,22908,True
2019-06-23 21:00:00,1.13719,1.14041,1.13672,1.13988,14734,True
2019-06-24 21:00:00,1.13984,1.14122,1.13442,1.13672,24429,True
2019-06-25 21:00:00,1.13672,1.13914,1.13476,1.13686,18436,True
2019-06-26 21:00:00,1.1369,1.13815,1.13479,1.13694,16530,True
2019-06-27 21:00:00,1.13688,1.13935,1.13508,1.13721,15968,True
2019-06-30 21:00:00,1.13614,1.13711,1.12812,1.12856,18780,True
2019-07-01 21:00:00,1.12856,1.13214,1.12752,1.1286,15567,True
2019-07-02 21:00:00,1.1286,1.13123,1.12689,1.1277,14593,True
2019-07-03 21:00:00,1.1278,1.12952,1.12733,1.12847,5731,True
2019-07-04 21:00:00,1.12841,1.12878,1.12076,1.12255,15161,True
2019-07-07 21:00:00,1.12248,1.12344,1.12071,1.12144,9091,True
2019-07-08 21:00:00,1.12144,1.12188,1.11935,1.12078,9269,True
2019-07-09 21:00:00,1.12075,1.12643,1.1202,1.12505,16374,True
2019-07-10 21:00:00,1.12516,1.12858,1.12454,1.12537,16576,True
2019-07-11 21:00:00,1.12542,1.1275,1.12382,1.12706,12671,True
2019-07-14 21:00:00,1.12705,1.12839,1.12532,1.12578,9183,True
2019-07-15 21:00:00,1.12578,1.12635,1.1202,1.12102,12021,True
2019-07-16 21:00:00,1.12105,1.12336,1.11998,1.12242,9253,True
2019-07-17 21:00:00,1.12246,1.12804,1.12052,1.1277,17359,True
2019-07-18 21:00:00,1.1277,1.12821,1.12036,1.12206,16321,True
2019-07-21 21:00:00,1.12175,1.12254,1.12063,1.12089,9204,True
2019-07-22 21:00:00,1.12094,1.12096,1.1146,1.11515,10182,True
2019-07-23 21:00:00,1.11518,1.11558,1.1127,1.11394,12158,True
2019-07-24 21:00:00,1.11409,1.11877,1.11014,1.11474,25335,True
2019-07-25 21:00:00,1.11463,1.11512,1.1112,1.1128,12091,True
2019-07-28 21:00:00,1.11252,1.11508,1.1113,1.11452,8828,True
2019-07-29 21:00:00,1.1145,1.11612,1.11321,1.11557,11922,True
2019-07-30 21:00:00,1.11552,1.1162,1.10604,1.10766,29431,True
2019-07-31 21:00:00,1.10766,1.10958,1.1027,1.1085,29981,True
2019-08-01 21:00:00,1.10831,1.11164,1.10698,1.11084,29253,True
2019-08-04 21:00:00,1.11045,1.12132,1.11045,1.1203,24695,True
2019-08-05 21:00:00,1.12048,1.12496,1.11676,1.12018,23369,True
2019-08-06 21:00:00,1.12004,1.12418,1.11795,1.1199,28877,True
2019-08-07 21:00:00,1.11985,1.12313,1.11773,1.11796,23272,True
2019-08-08 21:00:00,1.11837,1.12231,1.11803,1.12001,16422,True
2019-08-11 21:00:00,1.1198,1.12308,1.1162,1.12138,15039,True
2019-08-12 21:00:00,1.1213,1.12285,1.117,1.11716,24507,True
2019-08-13 21:00:00,1.11712,1.11908,1.11307,1.11392,18516,True
2019-08-14 21:00:00,1.11392,1.11584,1.10914,1.11099,24309,True
2019-08-15 21:00:00,1.11055,1.11123,1.10665,1.10904,15586,True
2019-08-18 21:00:00,1.10942,1.11139,1.10764,1.10782,10531,True
2019-08-19 21:00:00,1.10784,1.11068,1.10657,1.11008,11445,True
2019-08-20 21:00:00,1.10998,1.11072,1.10809,1.10845,9898,True
2019-08-21 21:00:00,1.10858,1.11132,1.10637,1.10796,16385,True
2019-08-22 21:00:00,1.10816,1.11532,1.10518,1.11434,23247,True
2019-08-25 21:00:00,1.11522,1.11641,1.10944,1.11002,25073,True
2019-08-26 21:00:00,1.11026,1.1116,1.10858,1.10902,14568,True
2019-08-27 21:00:00,1.10909,1.10981,1.10732,1.10777,13132,True
2019-08-28 21:00:00,1.10782,1.10925,1.1042,1.10568,15819,True
2019-08-29 21:00:00,1.10568,1.10604,1.09632,1.09905,17510,True
2019-09-01 21:00:00,1.09894,1.09968,1.0958,1.09698,8477,True
2019-09-02 21:00:00,1.09698,1.09788,1.09262,1.09739,18915,True
2019-09-03 21:00:00,1.09729,1.10383,1.09688,1.10348,15373,True
2019-09-04 21:00:00,1.10352,1.10848,1.10167,1.10346,16970,True
2019-09-05 21:00:00,1.10346,1.10574,1.10204,1.10279,16916,True
2019-09-08 21:00:00,1.10256,1.1068,1.10156,1.10472,12563,True
2019-09-09 21:00:00,1.10472,1.10594,1.10306,1.10431,12412,True
2019-09-10 21:00:00,1.10445,1.10556,1.09854,1.10104,12452,True
2019-09-11 21:00:00,1.10096,1.10873,1.09268,1.10638,39606,True
2019-09-12 21:00:00,1.10663,1.11096,1.10556,1.10743,18456,True
2019-09-15 21:00:00,1.10748,1.10864,1.09937,1.10033,16309,True
2019-09-16 21:00:00,1.10006,1.10746,1.09903,1.10724,18085,True
2019-09-17 21:00:00,1.10718,1.10756,1.10139,1.10297,20571,True
2019-09-18 21:00:00,1.1029,1.10734,1.10229,1.10408,16625,True
2019-09-19 21:00:00,1.10413,1.10676,1.09964,1.10182,15976,True
2019-09-22 21:00:00,1.10163,1.10255,1.09662,1.09932,16908,True
2019-09-23 21:00:00,1.09937,1.10242,1.09839,1.102,15810,True
2019-09-24 21:00:00,1.10205,1.10222,1.09376,1.09431,15524,True
2019-09-25 21:00:00,1.09431,1.09675,1.09088,1.09204,16506,True
2019-09-26 21:00:00,1.09194,1.09587,1.09048,1.09404,15818,True
2019-09-27 21:00:00,1.0941,1.0941,1.0941,1.0941,1,True
2019-09-29 21:00:00,1.0942,1.0948,1.08847,1.08986,14130,True
2019-09-30 21:00:00,1.09002,1.09429,1.08792,1.09323,25516,True
2019-10-01 21:00:00,1.09336,1.09638,1.09042,1.0959,14783,True
2019-10-02 21:00:00,1.09602,1.09994,1.09411,1.09634,18688,True
2019-10-03 21:00:00,1.0965,1.09982,1.09572,1.09782,17610,True
2019-10-06 21:00:00,1.09824,1.10004,1.0962,1.09708,12090,True
2019-10-07 21:00:00,1.09708,1.09962,1.0941,1.0956,18019,True
2019-10-08 21:00:00,1.0956,1.09902,1.0953,1.09701,12214,True
2019-10-09 21:00:00,1.09717,1.10338,1.09713,1.1005,20404,True
2019-10-10 21:00:00,1.10054,1.10628,1.10008,1.10384,24920,True
2019-10-13 21:00:00,1.1033,1.10428,1.10127,1.10268,11575,True
2019-10-14 21:00:00,1.10278,1.10461,1.09914,1.10323,21223,True
2019-10-15 21:00:00,1.10305,1.10858,1.10224,1.10716,23068,True
2019-10-16 21:00:00,1.10728,1.11399,1.10651,1.11244,21632,True
2019-10-17 21:00:00,1.11244,1.11724,1.11148,1.11708,13176,True
2019-10-20 21:00:00,1.11708,1.11794,1.11386,1.11497,10038,True
2019-10-21 21:00:00,1.11494,1.11569,1.11178,1.11252,14160,True
2019-10-22 21:00:00,1.11252,1.11404,1.11061,1.11309,9737,True
2019-10-23 21:00:00,1.11314,1.11628,1.10931,1.11046,16393,True
2019-10-24 21:00:00,1.11052,1.1123,1.1073,1.10795,8795,True
2019-10-27 21:00:00,1.10804,1.11066,1.10764,1.10997,8160,True
2019-10-28 21:00:00,1.10994,1.11185,1.10737,1.11113,10538,True
2019-10-29 21:00:00,1.11117,1.11516,1.10801,1.11503,18842,True
2019-10-30 21:00:00,1.11499,1.11756,1.11317,1.11514,17347,True
2019-10-31 21:00:00,1.11514,1.11718,1.11282,1.11654,14603,True
2019-11-03 22:00:00,1.11692,1.11756,1.11248,1.11282,10780,True
2019-11-04 22:00:00,1.11282,1.11403,1.10637,1.10742,15313,True
2019-11-05 22:00:00,1.10744,1.10928,1.10651,1.10664,10889,True
2019-11-06 22:00:00,1.1068,1.10917,1.1036,1.10498,17423,True
2019-11-07 22:00:00,1.10494,1.10555,1.10168,1.10192,11193,True
2019-11-10 22:00:00,1.10246,1.1043,1.10164,1.10332,7152,True
2019-11-11 22:00:00,1.10332,1.10386,1.10026,1.1009,10506,True
2019-11-12 22:00:00,1.10092,1.10204,1.09956,1.10068,11458,True
2019-11-13 22:00:00,1.10054,1.10277,1.09891,1.1021,10363,True
2019-11-14 22:00:00,1.1021,1.10569,1.10147,1.10514,7957,True
2019-11-17 22:00:00,1.10517,1.109,1.10502,1.10733,8292,True
2019-11-18 22:00:00,1.10718,1.1084,1.10627,1.10783,7294,True
2019-11-19 22:00:00,1.10776,1.10813,1.10532,1.10724,10412,True
2019-11-20 22:00:00,1.10731,1.1097,1.10522,1.10582,9515,True
2019-11-21 22:00:00,1.10587,1.10876,1.10146,1.10198,11765,True
2019-11-24 22:00:00,1.10176,1.10322,1.10036,1.10115,8904,True
2019-11-25 22:00:00,1.10137,1.10256,1.10072,1.10216,9061,True
2019-11-26 22:00:00,1.10214,1.10246,1.09924,1.09988,9158,True
2019-11-27 22:00:00,1.10044,1.10178,1.10001,1.10091,6484,True
2019-11-28 22:00:00,1.10101,1.10284,1.09812,1.10191,7672,True
2019-12-01 22:00:00,1.10242,1.10898,1.10031,1.10792,11033,True
2019-12-02 22:00:00,1.10792,1.10936,1.1066,1.10822,10303,True
2019-12-03 22:00:00,1.10822,1.11163,1.10668,1.10775,13155,True
2019-12-04 22:00:00,1.1078,1.1108,1.1078,1.1104,9141,True
2019-12-05 22:00:00,1.1104,1.11096,1.104,1.10599,10222,True
2019-12-08 22:00:00,1.10599,1.1078,1.10534,1.10638,5884,True
2019-12-09 22:00:00,1.10642,1.10977,1.10629,1.10932,8015,True
2019-12-10 22:00:00,1.10926,1.11448,1.10704,1.11299,11909,True
2019-12-11 22:00:00,1.11302,1.11544,1.1103,1.11308,16882,True
2019-12-12 22:00:00,1.1154,1.11996,1.11122,1.11209,27846,True
2019-12-15 22:00:00,1.11289,1.1158,1.11229,1.1144,10448,True
2019-12-16 22:00:00,1.11456,1.11746,1.11294,1.11509,11699,True
2019-12-17 22:00:00,1.11503,1.11542,1.11106,1.11138,9511,True
2019-12-18 22:00:00,1.11134,1.11443,1.11074,1.11208,11117,True
2019-12-19 22:00:00,1.11219,1.11252,1.10664,1.10765,9282,True
2019-12-22 22:00:00,1.1081,1.10958,1.107,1.10896,8254,True
2019-12-23 22:00:00,1.10896,1.1094,1.10691,1.10882,7187,True
2019-12-25 22:00:00,1.10882,1.1109,1.10824,1.10966,3177,True
2019-12-26 22:00:00,1.10986,1.11883,1.10964,1.11758,12157,True
2019-12-29 22:00:00,1.11773,1.12208,1.11718,1.11992,12912,True
2019-12-30 22:00:00,1.12012,1.12392,1.1198,1.1212,12004,True
2020-01-01 22:00:00,1.12124,1.12247,1.11636,1.11728,12704,True
2020-01-02 22:00:00,1.11728,1.11799,1.11249,1.11592,14490,True
2020-01-05 22:00:00,1.11665,1.12056,1.11573,1.11972,10729,True
2020-01-06 22:00:00,1.1195,1.11974,1.11336,1.11512,13260,True
2020-01-07 22:00:00,1.11506,1.11684,1.11016,1.11038,19074,True
2020-01-08 22:00:00,1.11052,1.11204,1.10926,1.11062,11044,True
2020-01-09 22:00:00,1.11051,1.1129,1.10851,1.11205,11269,True
2020-01-12 22:00:00,1.11205,1.11472,1.11126,1.11346,36632,True
2020-01-13 22:00:00,1.11351,1.11446,1.11044,1.11274,44621,True
2020-01-14 22:00:00,1.1128,1.11636,1.11184,1.11499,38985,True
2020-01-15 22:00:00,1.11496,1.11726,1.11279,1.11364,41949,True
2020-01-16 22:00:00,1.1137,1.11426,1.10864,1.10902,38183,True
2020-01-19 22:00:00,1.1093,1.11026,1.10766,1.1095,22822,True
2020-01-20 22:00:00,1.10945,1.1118,1.10811,1.10822,38986,True
2020-01-21 22:00:00,1.10867,1.10984,1.10702,1.10936,41211,True
2020-01-22 22:00:00,1.10932,1.11088,1.10364,1.10563,58325,True
2020-01-23 22:00:00,1.10558,1.10618,1.10198,1.10252,46040,True
2020-01-26 22:00:00,1.10342,1.10376,1.10098,1.10188,42617,True
2020-01-27 22:00:00,1.10188,1.10254,1.0998,1.10221,37630,True
2020-01-28 22:00:00,1.10223,1.10277,1.09924,1.10111,38930,True
2020-01-29 22:00:00,1.10106,1.10394,1.10069,1.10316,47467,True
2020-01-30 22:00:00,1.1032,1.10956,1.10171,1.10945,51966,True
2020-02-02 22:00:00,1.10956,1.10956,1.10355,1.10607,52067,True
2020-02-03 22:00:00,1.10602,1.10642,1.1033,1.10444,46425,True
2020-02-04 22:00:00,1.10446,1.1048,1.09937,1.09987,50768,True
2020-02-05 22:00:00,1.09984,1.1014,1.09646,1.09816,45243,True
2020-02-06 22:00:00,1.09822,1.0985,1.0942,1.09463,55337,True
2020-02-09 22:00:00,1.0945,1.09576,1.09078,1.09107,39485,True
2020-02-10 22:00:00,1.09107,1.09249,1.08914,1.09153,43638,True
2020-02-11 22:00:00,1.09154,1.09256,1.08654,1.08734,44921,True
2020-02-12 22:00:00,1.08737,1.08889,1.0834,1.084,46598,True
2020-02-13 22:00:00,1.08408,1.08612,1.08273,1.0831,40667,True
2020-02-16 22:00:00,1.0842,1.08511,1.08293,1.08351,24244,True
2020-02-17 22:00:00,1.08355,1.08375,1.07855,1.07916,51028,True
2020-02-18 22:00:00,1.07923,1.08118,1.07822,1.08064,46917,True
2020-02-19 22:00:00,1.08056,1.08212,1.0778,1.07848,61577,True
2020-02-20 22:00:00,1.07848,1.08636,1.07848,1.08474,62556,True
2020-02-23 22:00:00,1.08149,1.08721,1.08051,1.08542,81578,True
2020-02-24 22:00:00,1.08528,1.08904,1.08302,1.08813,89605,True
2020-02-25 22:00:00,1.08813,1.0909,1.08551,1.08804,94587,True
2020-02-26 22:00:00,1.08833,1.10066,1.08791,1.1001,120016,True
2020-02-27 22:00:00,1.09998,1.10532,1.0951,1.10277,154999,True
2020-03-01 22:00:00,1.10446,1.11848,1.10364,1.11327,175716,True
2020-03-02 22:00:00,1.11334,1.12139,1.10954,1.11728,168508,True
2020-03-03 22:00:00,1.11728,1.11876,1.10955,1.11356,108592,True
2020-03-04 22:00:00,1.11362,1.1245,1.11196,1.12362,109486,True
2020-03-05 22:00:00,1.12399,1.13548,1.12116,1.12839,197876,True
2020-03-08 21:00:00,1.1351,1.14963,1.13356,1.144,237991,True
2020-03-09 21:00:00,1.144,1.14584,1.12749,1.12808,266055,True
2020-03-10 21:00:00,1.12808,1.13667,1.12575,1.12697,200209,True
2020-03-11 21:00:00,1.12697,1.13338,1.10554,1.11858,251527,True
2020-03-12 21:00:00,1.11858,1.12213,1.1055,1.11054,192719,True
2020-03-15 21:00:00,1.10692,1.12367,1.10692,1.11827,259307,True
2020-03-16 21:00:00,1.11827,1.11894,1.09548,1.0997,223099,True
2020-03-17 21:00:00,1.0997,1.10453,1.08018,1.09158,247909,True
2020-03-18 21:00:00,1.09153,1.09817,1.06551,1.06926,302305,True
2020-03-19 21:00:00,1.06922,1.08312,1.06377,1.06964,261510,True
2020-03-22 21:00:00,1.07077,1.08284,1.0636,1.07264,244301,True
2020-03-23 21:00:00,1.07264,1.0888,1.0723,1.07886,181210,True
2020-03-24 21:00:00,1.07886,1.0894,1.07605,1.08822,170729,True
2020-03-25 21:00:00,1.08822,1.10588,1.08702,1.10325,173865,True
2020-03-26 21:00:00,1.10325,1.11476,1.09536,1.11415,169217,True
2020-03-29 21:00:00,1.11194,1.11448,1.101,1.10464,135178,True
2020-03-30 21:00:00,1.10464,1.10535,1.09267,1.10336,173820,True
2020-03-31 21:00:00,1.10336,1.10387,1.09028,1.09632,130418,True
2020-04-01 21:00:00,1.09632,1.09684,1.08208,1.08576,133964,True
2020-04-02 21:00:00,1.0858,1.08648,1.07728,1.08056,110597,True
2020-04-05 21:00:00,1.0809,1.08356,1.07684,1.0793,100143,True
2020-04-06 21:00:00,1.0793,1.09265,1.07836,1.08918,111064,True
2020-04-07 21:00:00,1.08918,1.09021,1.08301,1.0857,98504,True
2020-04-08 21:00:00,1.0857,1.09518,1.0841,1.09293,112281,True
2020-04-09 21:00:00,1.09293,1.0953,1.09198,1.09357,16319,True
2020-04-12 21:00:00,1.0949,1.09679,1.08926,1.09111,59415,True
2020-04-13 21:00:00,1.09111,1.09872,1.09061,1.0981,90557,True
2020-04-14 21:00:00,1.0981,1.09911,1.08565,1.09106,92509,True
2020-04-15 21:00:00,1.09106,1.09112,1.08168,1.08395,99349,True
2020-04-16 21:00:00,1.08395,1.08925,1.0812,1.08739,98481,True
2020-04-19 21:00:00,1.0871,1.08968,1.08412,1.0863,76672,True
2020-04-20 21:00:00,1.0863,1.08804,1.08165,1.08578,94433,True
2020-04-21 21:00:00,1.08578,1.08854,1.08032,1.08236,66606,True
2020-04-22 21:00:00,1.0823,1.08468,1.07562,1.07777,104725,True
2020-04-23 21:00:00,1.0777,1.08298,1.07272,1.08232,85765,True
2020-04-26 21:00:00,1.08228,1.08604,1.08114,1.08288,73064,True
2020-04-27 21:00:00,1.08288,1.08886,1.08096,1.08201,77732,True
2020-04-28 21:00:00,1.08208,1.08858,1.08189,1.08758,83074,True
2020-04-29 21:00:00,1.08758,1.09725,1.0833,1.0952,117964,True
2020-04-30 21:00:00,1.09548,1.10192,1.09346,1.09794,71075,True
2020-05-03 21:00:00,1.09715,1.09749,1.08958,1.09054,79410,True
2020-05-04 21:00:00,1.09089,1.09258,1.08261,1.08376,74242,True
2020-05-05 21:00:00,1.08435,1.0846,1.0782,1.07956,78416,True
2020-05-06 21:00:00,1.07942,1.08342,1.07667,1.08324,89541,True
2020-05-07 21:00:00,1.08324,1.08755,1.08151,1.08384,63094,True
2020-05-10 21:00:00,1.08323,1.08506,1.08008,1.0807,76724,True
2020-05-11 21:00:00,1.08064,1.08852,1.07845,1.08474,80891,True
2020-05-12 21:00:00,1.08479,1.08965,1.08116,1.08186,90827,True
2020-05-13 21:00:00,1.08186,1.0824,1.0775,1.08046,82259,True
2020-05-14 21:00:00,1.08046,1.0851,1.0789,1.08197,80077,True
2020-05-17 21:00:00,1.08132,1.09271,1.07998,1.0915,78142,True
2020-05-18 21:00:00,1.09153,1.09762,1.09022,1.09234,81974,True
2020-05-19 21:00:00,1.09263,1.09991,1.09191,1.0979,73646,True
2020-05-20 21:00:00,1.09799,1.10085,1.09372,1.09505,73792,True
2020-05-21 21:00:00,1.09505,1.09538,1.08854,1.09024,65498,True
2020-05-24 21:00:00,1.09012,1.09146,1.08706,1.08969,34234,True
2020-05-25 21:00:00,1.08969,1.09959,1.08924,1.09822,75745,True
2020-05-26 21:00:00,1.09827,1.1031,1.09338,1.10091,118351,True
2020-05-27 21:00:00,1.10058,1.10938,1.09917,1.10773,106298,True
2020-05-28 21:00:00,1.10773,1.11454,1.10699,1.11053,121545,True
2020-05-31 21:00:00,1.11053,1.11542,1.11004,1.11345,97930,True
2020-06-01 21:00:00,1.1136,1.11962,1.11154,1.11692,117118,True
2020-06-02 21:00:00,1.11692,1.1258,1.11669,1.12332,127219,True
2020-06-03 21:00:00,1.1234,1.13626,1.11946,1.13364,138198,True
2020-06-04 21:00:00,1.13378,1.13839,1.12784,1.12916,126671,True
2020-06-07 21:00:00,1.12982,1.132,1.12683,1.12942,102514,True
2020-06-08 21:00:00,1.12927,1.13638,1.1241,1.13384,116774,True
2020-06-09 21:00:00,1.13399,1.14224,1.13218,1.13751,134159,True
2020-06-10 21:00:00,1.13751,1.14036,1.12886,1.12981,154090,True
2020-06-11 21:00:00,1.12956,1.13406,1.12126,1.12554,152589,True
2020-06-14 21:00:00,1.12344,1.13327,1.12266,1.13228,148242,True
2020-06-15 21:00:00,1.13246,1.13534,1.12276,1.12632,134691,True
2020-06-16 21:00:00,1.12636,1.12942,1.1207,1.12436,121786,True
2020-06-17 21:00:00,1.12427,1.12615,1.11855,1.12049,114201,True
2020-06-18 21:00:00,1.12049,1.12544,1.11684,1.11776,105047,True
2020-06-21 21:00:00,1.11822,1.127,1.11685,1.12616,90943,True
2020-06-22 21:00:00,1.12625,1.13487,1.12332,1.13088,117253,True
2020-06-23 21:00:00,1.13095,1.1326,1.12483,1.12507,111762,True
2020-06-24 21:00:00,1.12528,1.12598,1.11906,1.1218,118208,True
2020-06-25 21:00:00,1.1218,1.12395,1.11953,1.12184,81999,True
2020-06-28 21:00:00,1.12187,1.12878,1.12176,1.12424,84180,True
2020-06-29 21:00:00,1.12401,1.1262,1.11911,1.12331,99725,True
2020-06-30 21:00:00,1.12343,1.12751,1.11848,1.12514,90252,True
2020-07-01 21:00:00,1.12514,1.13026,1.12234,1.12394,90789,True
2020-07-02 21:00:00,1.12394,1.12518,1.12194,1.12479,59036,True
2020-07-05 21:00:00,1.12473,1.13455,1.12432,1.13094,81756,True
2020-07-06 21:00:00,1.13119,1.13325,1.1259,1.12744,92426,True
2020-07-07 21:00:00,1.12767,1.13516,1.12624,1.13298,89549,True
2020-07-08 21:00:00,1.13298,1.13707,1.12802,1.12852,104729,True
2020-07-09 21:00:00,1.12848,1.13248,1.12548,1.13002,81510,True
2020-07-12 21:00:00,1.13092,1.1375,1.13009,1.13432,86512,True
2020-07-13 21:00:00,1.13432,1.14088,1.13254,1.14,106478,True
2020-07-14 21:00:00,1.14018,1.1452,1.1391,1.1412,100308,True
2020-07-15 21:00:00,1.1412,1.14418,1.13705,1.13837,102144,True
2020-07-16 21:00:00,1.13837,1.14438,1.13778,1.14282,73024,True
2020-07-19 21:00:00,1.14138,1.14679,1.14024,1.14474,104209,True
2020-07-20 21:00:00,1.14474,1.15398,1.1423,1.15269,111043,True
2020-07-21 21:00:00,1.15269,1.16016,1.15069,1.15698,129890,True
2020-07-22 21:00:00,1.15684,1.16268,1.15404,1.15963,115345,True
2020-07-23 21:00:00,1.1597,1.16581,1.15812,1.16558,115447,True
2020-07-26 21:00:00,1.1647,1.17814,1.16422,1.17516,123653,True
2020-07-27 21:00:00,1.17516,1.17736,1.16987,1.17161,126006,True
2020-07-28 21:00:00,1.17195,1.18067,1.1714,1.17916,121087,True
2020-07-29 21:00:00,1.17916,1.18484,1.1731,1.18475,128163,True
2020-07-30 21:00:00,1.18475,1.19088,1.17612,1.1779,154943,True
2020-08-02 21:00:00,1.1779,1.17969,1.1696,1.17622,112887,True
2020-08-03 21:00:00,1.17622,1.18064,1.17214,1.18027,113901,True
2020-08-04 21:00:00,1.18013,1.1905,1.1793,1.18638,110999,True
2020-08-05 21:00:00,1.18668,1.1917,1.1818,1.18775,129225,True
2020-08-06 21:00:00,1.18775,1.18833,1.17552,1.1786,126613,True
2020-08-09 21:00:00,1.17934,1.18008,1.17362,1.17368,86381,True
2020-08-10 21:00:00,1.17376,1.1808,1.17222,1.17403,122109,True
2020-08-11 21:00:00,1.17426,1.18172,1.17112,1.17847,121309,True
2020-08-12 21:00:00,1.17832,1.18642,1.17811,1.18142,110574,True
2020-08-13 21:00:00,1.18134,1.18504,1.17817,1.18426,98387,True
2020-08-16 21:00:00,1.18425,1.18811,1.18288,1.18706,85623,True
2020-08-17 21:00:00,1.18722,1.19658,1.18677,1.19312,114205,True
2020-08-18 21:00:00,1.19312,1.19529,1.18304,1.18382,120845,True
2020-08-19 21:00:00,1.18376,1.18688,1.18022,1.18601,131704,True
2020-08-20 21:00:00,1.18601,1.1883,1.17542,1.17963,117602,True
2020-08-23 21:00:00,1.17945,1.18496,1.17842,1.17877,90166,True
2020-08-24 21:00:00,1.17923,1.18436,1.17844,1.18344,102615,True
2020-08-25 21:00:00,1.18357,1.18394,1.17723,1.18304,99999,True
2020-08-26 21:00:00,1.18304,1.19021,1.17625,1.18218,164072,True
2020-08-27 21:00:00,1.18218,1.19198,1.18111,1.19046,140754,True
2020-08-30 21:00:00,1.19075,1.1966,1.18841,1.19362,113170,True
2020-08-31 21:00:00,1.19357,1.20114,1.19014,1.19119,143155,True
2020-09-01 21:00:00,1.19134,1.19288,1.18222,1.18551,130698,True
2020-09-02 21:00:00,1.18531,1.18646,1.1789,1.18518,133630,True
2020-09-03 21:00:00,1.18503,1.18654,1.17808,1.18383,138709,True
2020-09-06 21:00:00,1.18475,1.18493,1.18122,1.18136,59603,True
2020-09-07 21:00:00,1.18142,1.18274,1.17655,1.1774,135812,True
2020-09-08 21:00:00,1.17767,1.1834,1.17528,1.18028,119455,True
2020-09-09 21:00:00,1.18023,1.19172,1.17997,1.18145,143601,True
2020-09-10 21:00:00,1.18145,1.18742,1.18145,1.18468,96735,True
2020-09-13 21:00:00,1.18399,1.1888,1.1832,1.18634,77146,True
2020-09-14 21:00:00,1.1863,1.19006,1.18395,1.18468,88030,True
2020-09-15 21:00:00,1.18498,1.18825,1.17878,1.18166,121855,True
2020-09-16 21:00:00,1.18166,1.18525,1.17372,1.18478,129265,True
2020-09-17 21:00:00,1.18478,1.18704,1.18262,1.184,91778,True
2020-09-20 21:00:00,1.18423,1.18719,1.17316,1.17709,123233,True
2020-09-21 21:00:00,1.17664,1.17727,1.16916,1.17077,127417,True
2020-09-22 21:00:00,1.17072,1.17191,1.16514,1.16602,120646,True
2020-09-23 21:00:00,1.16602,1.1687,1.16265,1.16673,118490,True
2020-09-24 21:00:00,1.16673,1.16852,1.16124,1.16316,101935,True
2020-09-27 21:00:00,1.1626,1.16802,1.16154,1.16634,89041,True
2020-09-28 21:00:00,1.16634,1.17456,1.16618,1.17434,92699,True
2020-09-29 21:00:00,1.17438,1.17552,1.16845,1.17208,116008,True
2020-09-30 21:00:00,1.17208,1.17698,1.17172,1.1746,124490,True
2020-10-01 21:00:00,1.17475,1.17505,1.16959,1.17167,123281,True
2020-10-04 21:00:00,1.1713,1.17976,1.17057,1.1785,80893,True
2020-10-05 21:00:00,1.1785,1.18078,1.1732,1.1734,104266,True
2020-10-06 21:00:00,1.17338,1.17819,1.17252,1.17645,90913,True
2020-10-07 21:00:00,1.17634,1.17818,1.17328,1.17602,75468,True
2020-10-08 21:00:00,1.17602,1.18314,1.17529,1.18283,76464,True
2020-10-11 21:00:00,1.18127,1.18269,1.17868,1.18127,63666,True
2020-10-12 21:00:00,1.18138,1.18162,1.17306,1.17457,81437,True
2020-10-13 21:00:00,1.17457,1.1771,1.172,1.17462,74252,True
2020-10-14 21:00:00,1.17462,1.1758,1.16886,1.17073,88916,True
2020-10-15 21:00:00,1.17073,1.17462,1.1694,1.17174,78070,True
2020-10-18 21:00:00,1.1721,1.17938,1.17033,1.17704,74904,True
2020-10-19 21:00:00,1.17695,1.18408,1.17599,1.18222,75625,True
2020-10-20 21:00:00,1.18226,1.18808,1.1822,1.18596,92413,True
2020-10-21 21:00:00,1.18589,1.1867,1.18114,1.18186,81358,True
2020-10-22 21:00:00,1.18186,1.1865,1.17868,1.18612,78496,True
2020-10-25 21:00:00,1.18529,1.18605,1.18033,1.18094,79272,True
2020-10-26 21:00:00,1.18094,1.18388,1.17928,1.17954,68202,True
2020-10-27 21:00:00,1.17972,1.17976,1.17178,1.1746,100608,True
2020-10-28 21:00:00,1.1746,1.17589,1.16502,1.16728,105722,True
2020-10-29 21:00:00,1.16745,1.17043,1.164,1.1648,98590,True
2020-11-01 22:00:00,1.16501,1.16558,1.16222,1.16404,79365,True
2020-11-02 22:00:00,1.16387,1.17399,1.16236,1.17196,74323,True
2020-11-03 22:00:00,1.17178,1.17707,1.16027,1.17226,196249,True
2020-11-04 22:00:00,1.17226,1.18598,1.17109,1.18284,138191,True
2020-11-05 22:00:00,1.18254,1.1891,1.17954,1.18737,129088,True
2020-11-08 22:00:00,1.18906,1.19202,1.17955,1.18136,177845,True
2020-11-09 22:00:00,1.18147,1.18434,1.17796,1.18156,138626,True
2020-11-10 22:00:00,1.18153,1.1833,1.17456,1.17783,86786,True
2020-11-11 22:00:00,1.17762,1.18232,1.17587,1.1805,91078,True
2020-11-12 22:00:00,1.1805,1.18375,1.1799,1.18348,67607,True
2020-11-15 22:00:00,1.18421,1.1869,1.18143,1.18531,91525,True
2020-11-16 22:00:00,1.18522,1.18938,1.18426,1.1861,76151,True
2020-11-17 22:00:00,1.1861,1.18912,1.18492,1.18542,77663,True
2020-11-18 22:00:00,1.18558,1.18826,1.18163,1.1874,80978,True
2020-11-19 22:00:00,1.1874,1.18908,1.18498,1.18564,69687,True
2020-11-22 22:00:00,1.18558,1.19062,1.18002,1.18412,82920,True
2020-11-23 22:00:00,1.18412,1.1896,1.18369,1.18924,81171,True
2020-11-24 22:00:00,1.18912,1.19298,1.18819,1.19136,94044,True
2020-11-25 22:00:00,1.19169,1.1941,1.18854,1.19136,49768,True
2020-11-26 22:00:00,1.1913,1.19644,1.19076,1.19634,59293,True
2020-11-29 22:00:00,1.19618,1.20033,1.19232,1.19249,92137,True
2020-11-30 22:00:00,1.19271,1.20766,1.19269,1.20722,96983,True
2020-12-01 22:00:00,1.20705,1.21186,1.204,1.21161,102804,True
2020-12-02 22:00:00,1.21144,1.21746,1.2101,1.21482,96215,True
2020-12-03 22:00:00,1.21461,1.21775,1.21104,1.21218,100412,True
2020-12-06 22:00:00,1.21323,1.21664,1.20786,1.21097,95747,True
2020-12-07 22:00:00,1.21102,1.21341,1.20954,1.2104,92325,True
2020-12-08 22:00:00,1.21033,1.21474,1.20588,1.20814,89432,True
2020-12-09 22:00:00,1.208,1.21591,1.20754,1.21418,114310,True
2020-12-10 22:00:00,1.21388,1.2163,1.21054,1.21122,89437,True
2020-12-13 22:00:00,1.21379,1.21768,1.21157,1.21429,78725,True
2020-12-14 22:00:00,1.21436,1.2169,1.2121,1.21531,79511,True
2020-12-15 22:00:00,1.21522,1.22122,1.21252,1.21998,92925,True
2020-12-16 22:00:00,1.21991,1.22728,1.21901,1.22685,82961,True
2020-12-17 22:00:00,1.22678,1.22719,1.22257,1.22563,74964,True
2020-12-20 22:00:00,1.22221,1.22531,1.21294,1.22443,128650,True
2020-12-21 22:00:00,1.2243,1.22571,1.21523,1.2163,92646,True
2020-12-22 22:00:00,1.2163,1.22211,1.21541,1.21856,91687,True
2020-12-23 22:00:00,1.21873,1.22158,1.21774,1.21849,46438,True
2020-12-27 22:00:00,1.21892,1.22504,1.21812,1.22152,73365,True
2020-12-28 22:00:00,1.22145,1.22752,1.22086,1.22502,72839,True
2020-12-29 22:00:00,1.22508,1.23102,1.22495,1.23,82647,True
2020-12-30 22:00:00,1.22979,1.23094,1.22094,1.22156,76962,True
2021-01-03 22:00:00,1.224,1.23098,1.2231,1.22525,112731,True
2021-01-04 22:00:00,1.22525,1.23057,1.2247,1.22986,98960,True
2021-01-05 22:00:00,1.22986,1.23496,1.22656,1.23272,146293,True
2021-01-06 22:00:00,1.23264,1.23444,1.22451,1.22692,116355,True
2021-01-07 22:00:00,1.22729,1.22848,1.2193,1.2221,131402,True
2021-01-10 22:00:00,1.2219,1.22274,1.21322,1.21512,104515,True
2021-01-11 22:00:00,1.21514,1.22098,1.21371,1.22079,98206,True
2021-01-12 22:00:00,1.22072,1.22229,1.21398,1.2158,94061,True
2021-01-13 22:00:00,1.21545,1.21786,1.21112,1.21546,104506,True
2021-01-14 22:00:00,1.21551,1.21626,1.2075,1.20804,91612,True
2021-01-17 22:00:00,1.2084,1.20869,1.20536,1.20773,62934,True
2021-01-18 22:00:00,1.20768,1.2145,1.2074,1.21286,80844,True
2021-01-19 22:00:00,1.21284,1.21583,1.20768,1.21062,88416,True
2021-01-20 22:00:00,1.21059,1.21732,1.21037,1.21676,95713,True
2021-01-21 22:00:00,1.2165,1.21896,1.21516,1.21718,85424,True
2021-01-24 22:00:00,1.21716,1.21834,1.21161,1.21416,100047,True
2021-01-25 22:00:00,1.21416,1.2176,1.21078,1.216,95546,True
2021-01-26 22:00:00,1.2162,1.21699,1.20585,1.2112,132482,True
2021-01-27 22:00:00,1.2112,1.21424,1.20808,1.21218,134704,True
2021-01-28 22:00:00,1.21229,1.21561,1.20945,1.21376,138233,True
2021-01-31 22:00:00,1.2131,1.21365,1.20561,1.20602,109554,True
2021-02-01 22:00:00,1.20597,1.20878,1.20116,1.20437,102716,True
2021-02-02 22:00:00,1.20427,1.20502,1.20042,1.20355,82243,True
2021-02-03 22:00:00,1.2036,1.20429,1.19574,1.19624,89295,True
2021-02-04 22:00:00,1.19648,1.20502,1.19524,1.20466,90249,True
2021-02-07 22:00:00,1.20382,1.20661,1.20198,1.20513,72560,True
2021-02-08 22:00:00,1.20492,1.2122,1.20472,1.21186,88014,True
2021-02-09 22:00:00,1.21192,1.2144,1.21088,1.21186,87024,True
2021-02-10 22:00:00,1.21188,1.21496,1.21136,1.21298,66382,True
2021-02-11 22:00:00,1.21287,1.21348,1.20816,1.21204,71058,True
2021-02-14 22:00:00,1.21252,1.21452,1.21168,1.2128,47480,True
2021-02-15 22:00:00,1.21298,1.21696,1.20951,1.21045,85863,True
2021-02-16 22:00:00,1.21069,1.21096,1.20233,1.20412,93972,True
2021-02-17 22:00:00,1.20412,1.20947,1.20357,1.2093,82521,True
2021-02-18 22:00:00,1.20908,1.21445,1.20824,1.21184,79900,True
2021-02-21 22:00:00,1.21173,1.21694,1.20912,1.21581,101622,True
2021-02-22 22:00:00,1.2157,1.218,1.21354,1.21508,98920,True
2021-02-23 22:00:00,1.21496,1.21748,1.21092,1.21708,127979,True
2021-02-24 22:00:00,1.21711,1.22431,1.2156,1.21745,167547,True
2021-02-25 22:00:00,1.21788,1.21838,1.20622,1.20734,196555,True
2021-02-28 22:00:00,1.20713,1.21012,1.20275,1.20497,111507,True
2021-03-01 22:00:00,1.20494,1.20945,1.19918,1.20912,107213,True
2021-03-02 22:00:00,1.20916,1.21134,1.20428,1.20636,109433,True
2021-03-03 22:00:00,1.20648,1.2067,1.19616,1.19723,144769,True
2021-03-04 22:00:00,1.19698,1.19776,1.18934,1.1913,166905,True
2021-03-07 22:00:00,1.19188,1.19324,1.18442,1.1846,131711,True
2021-03-08 22:00:00,1.18488,1.19158,1.18356,1.19016,125416,True
2021-03-09 22:00:00,1.18987,1.19299,1.1869,1.19286,114326,True
2021-03-10 22:00:00,1.1928,1.199,1.19158,1.19856,113796,True
2021-03-11 22:00:00,1.19818,1.19886,1.19099,1.19525,109181,True
2021-03-14 21:00:00,1.19516,1.19674,1.19112,1.19302,80722,True
2021-03-15 21:00:00,1.19262,1.1952,1.18822,1.19027,85599,True
2021-03-16 21:00:00,1.19009,1.19856,1.18862,1.19794,92193,True
2021-03-17 21:00:00,1.19781,1.1989,1.19062,1.1916,111991,True
2021-03-18 21:00:00,1.19124,1.19371,1.18739,1.19042,93996,True
2021-03-21 21:00:00,1.1874,1.1947,1.18676,1.19326,75715,True
2021-03-22 21:00:00,1.19331,1.19409,1.18422,1.18493,80960,True
2021-03-23 21:00:00,1.18483,1.18534,1.18096,1.18128,82676,True
2021-03-24 21:00:00,1.18133,1.18278,1.17618,1.17644,91422,True
2021-03-25 21:00:00,1.1765,1.1805,1.1765,1.17941,68830,True
2021-03-28 21:00:00,1.17941,1.17941,1.17606,1.1765,75363,True
2021-03-29 21:00:00,1.1764,1.17758,1.17114,1.17158,71458,True
2021-03-30 21:00:00,1.17175,1.176,1.17042,1.17308,75172,True
2021-03-31 21:00:00,1.17298,1.178,1.17126,1.17774,72282,True
2021-04-01 21:00:00,1.1777,1.17868,1.17494,1.17602,26808,True
2021-04-04 21:00:00,1.17608,1.18196,1.17376,1.18123,40418,True
2021-04-05 21:00:00,1.18123,1.18778,1.1795,1.18765,64843,True
2021-04-06 21:00:00,1.18758,1.19149,1.18608,1.18718,74967,True
2021-04-07 21:00:00,1.1867,1.19275,1.18608,1.19154,65388,True
2021-04-08 21:00:00,1.1915,1.19202,1.18671,1.18998,64612,True
2021-04-11 21:00:00,1.18906,1.19192,1.18712,1.19114,61617,True
2021-04-12 21:00:00,1.19106,1.1956,1.1878,1.19487,83093,True
2021-04-13 21:00:00,1.1948,1.19874,1.19476,1.1979,68077,True
2021-04-14 21:00:00,1.19785,1.19934,1.19562,1.19665,69014,True
2021-04-15 21:00:00,1.19665,1.1995,1.19506,1.19822,59370,True
2021-04-18 21:00:00,1.19734,1.2048,1.19426,1.20369,76983,True
2021-04-19 21:00:00,1.20382,1.20799,1.20224,1.20364,79484,True
2021-04-20 21:00:00,1.2034,1.20438,1.19985,1.20349,64941,True
2021-04-21 21:00:00,1.2033,1.20698,1.19938,1.20148,87596,True
2021-04-22 21:00:00,1.20156,1.21002,1.20129,1.20968,70313,True
2021-04-25 21:00:00,1.20926,1.2117,1.20612,1.20859,69645,True
2021-04-26 21:00:00,1.20865,1.2093,1.20569,1.20916,64353,True
2021-04-27 21:00:00,1.20898,1.21348,1.20561,1.21258,88080,True
2021-04-28 21:00:00,1.21252,1.215,1.21024,1.21199,74689,True
2021-04-29 21:00:00,1.21199,1.21267,1.20168,1.202,77540,True
2021-05-02 21:00:00,1.2033,1.20763,1.20132,1.20638,59003,True
2021-05-03 21:00:00,1.20648,1.20652,1.1999,1.20133,79419,True
2021-05-04 21:00:00,1.20141,1.20266,1.1986,1.20048,63852,True
2021-05-05 21:00:00,1.20038,1.20717,1.19932,1.20653,67438,True
2021-05-06 21:00:00,1.2061,1.21716,1.2053,1.21632,96967,True
2021-05-09 21:00:00,1.2164,1.21789,1.21278,1.21288,87108,True
2021-05-10 21:00:00,1.21293,1.21818,1.2123,1.21483,98344,True
2021-05-11 21:00:00,1.21486,1.21524,1.20656,1.20726,128830,True
2021-05-12 21:00:00,1.20734,1.21062,1.20514,1.2079,118939,True
2021-05-13 21:00:00,1.20806,1.21478,1.2071,1.21457,86658,True
2021-05-16 21:00:00,1.21474,1.2169,1.21262,1.215,78686,True
2021-05-17 21:00:00,1.21528,1.2234,1.21508,1.22225,81683,True
2021-05-18 21:00:00,1.22239,1.22454,1.21597,1.21758,120899,True
2021-05-19 21:00:00,1.2169,1.22293,1.2169,1.22286,84440,True
2021-05-20 21:00:00,1.22282,1.22399,1.21608,1.21817,94002,True
2021-05-23 21:00:00,1.21768,1.223,1.21724,1.22166,80950,True
2021-05-24 21:00:00,1.22174,1.22664,1.22116,1.22522,96750,True
2021-05-25 21:00:00,1.22542,1.2263,1.21819,1.21929,90665,True
2021-05-26 21:00:00,1.2192,1.22152,1.21752,1.21941,98538,True
2021-05-27 21:00:00,1.2195,1.2205,1.21326,1.21921,95552,True
2021-05-30 21:00:00,1.2201,1.22314,1.21834,1.22258,49436,True
2021-05-31 21:00:00,1.22258,1.22545,1.22116,1.22138,81745,True
2021-06-01 21:00:00,1.22134,1.22266,1.2164,1.22104,84234,True
2021-06-02 21:00:00,1.22104,1.22142,1.21182,1.21271,95659,True
2021-06-03 21:00:00,1.21273,1.21856,1.2104,1.21668,93352,True
2021-06-06 21:00:00,1.21671,1.22018,1.21449,1.21894,64527,True
2021-06-07 21:00:00,1.21897,1.21944,1.21642,1.2173,76503,True
2021-06-08 21:00:00,1.21728,1.22181,1.21712,1.21794,57010,True
2021-06-09 21:00:00,1.21804,1.21949,1.21433,1.2176,105493,True
2021-06-10 21:00:00,1.21707,1.2193,1.20926,1.2109,70556,True
2021-06-13 21:00:00,1.21088,1.21306,1.20944,1.21202,62923,True
2021-06-14 21:00:00,1.21194,1.21474,1.21014,1.2126,69565,True
2021-06-15 21:00:00,1.21266,1.21348,1.19946,1.19951,111528,True
2021-06-16 21:00:00,1.19955,1.20065,1.18918,1.1907,138674,True
2021-06-17 21:00:00,1.19076,1.19251,1.18474,1.18642,142929,True
2021-06-20 21:00:00,1.18572,1.19214,1.18477,1.19178,118752,True
2021-06-21 21:00:00,1.19187,1.19528,1.18811,1.19412,98700,True
2021-06-22 21:00:00,1.19398,1.19702,1.19116,1.19266,93570,True
2021-06-23 21:00:00,1.19274,1.19564,1.19176,1.19312,87693,True
2021-06-24 21:00:00,1.19317,1.19754,1.19264,1.19361,82177,True
2021-06-27 21:00:00,1.19355,1.19447,1.19024,1.19244,82256,True
2021-06-28 21:00:00,1.19252,1.19304,1.18778,1.18969,80291,True
2021-06-29 21:00:00,1.18974,1.1909,1.18451,1.18566,96414,True
2021-06-30 21:00:00,1.1857,1.18842,1.18374,1.18496,90399,True
2021-07-01 21:00:00,1.18506,1.18743,1.18075,1.18654,98165,True
2021-07-04 21:00:00,1.18665,1.18808,1.18514,1.18637,53122,True
2021-07-05 21:00:00,1.18644,1.18954,1.1807,1.18231,106797,True
2021-07-06 21:00:00,1.1824,1.18361,1.17815,1.17911,98452,True
2021-07-07 21:00:00,1.17908,1.1868,1.17836,1.18461,124471,True
2021-07-08 21:00:00,1.18444,1.18814,1.1825,1.1877,83911,True
2021-07-11 21:00:00,1.1876,1.18802,1.1836,1.18604,70121,True
2021-07-12 21:00:00,1.18602,1.18752,1.17721,1.17763,93029,True
2021-07-13 21:00:00,1.17765,1.18388,1.17719,1.18364,85449,True
2021-07-14 21:00:00,1.18378,1.18508,1.17962,1.18106,83599,True
2021-07-15 21:00:00,1.18106,1.18225,1.17922,1.18052,73820,True
2021-07-18 21:00:00,1.181,1.18246,1.17638,1.17986,99736,True
2021-07-19 21:00:00,1.17997,1.18026,1.17556,1.17808,97580,True
2021-07-20 21:00:00,1.17808,1.18048,1.17518,1.17948,78374,True
2021-07-21 21:00:00,1.17932,1.18306,1.17574,1.17713,97664,True
2021-07-22 21:00:00,1.17702,1.17866,1.17544,1.17717,63099,True
2021-07-25 21:00:00,1.17735,1.18174,1.17635,1.1803,75444,True
2021-07-26 21:00:00,1.18034,1.18412,1.17701,1.18161,86652,True
2021-07-27 21:00:00,1.18173,1.18498,1.17722,1.18425,108555,True
2021-07-28 21:00:00,1.18442,1.18928,1.18406,1.1887,71678,True
2021-07-29 21:00:00,1.18885,1.19088,1.18516,1.18671,78609,True
2021-08-01 21:00:00,1.18623,1.18971,1.1859,1.1872,64698,True
2021-08-02 21:00:00,1.18694,1.18934,1.18536,1.18649,64721,True
2021-08-03 21:00:00,1.18641,1.18998,1.18328,1.18368,73509,True
2021-08-04 21:00:00,1.1837,1.18574,1.1828,1.18324,67708,True
2021-08-05 21:00:00,1.18346,1.18359,1.17544,1.17616,75434,True
2021-08-08 21:00:00,1.17643,1.1769,1.17348,1.17358,64204,True
2021-08-09 21:00:00,1.17366,1.17428,1.17094,1.17206,69806,True
2021-08-10 21:00:00,1.17198,1.1754,1.1706,1.17395,75228,True
2021-08-11 21:00:00,1.17392,1.17483,1.17238,1.17297,59584,True
2021-08-12 21:00:00,1.17306,1.18049,1.17302,1.17954,55951,True
2021-08-15 21:00:00,1.17961,1.18012,1.17675,1.17765,60508,True
2021-08-16 21:00:00,1.17786,1.17849,1.1708,1.17084,87414,True
2021-08-17 21:00:00,1.17104,1.17428,1.16936,1.17106,84793,True
2021-08-18 21:00:00,1.171,1.17165,1.16656,1.16762,96835,True
2021-08-19 21:00:00,1.16762,1.17046,1.1664,1.1699,65662,True
2021-08-22 21:00:00,1.1697,1.17504,1.1693,1.1746,62294,True
2021-08-23 21:00:00,1.17458,1.17652,1.17272,1.17573,56347,True
2021-08-24 21:00:00,1.17568,1.17744,1.17262,1.17724,62857,True
2021-08-25 21:00:00,1.17728,1.17791,1.1746,1.17522,67025,True
2021-08-26 21:00:00,1.17518,1.18025,1.1735,1.17944,82778,True
2021-08-29 21:00:00,1.1796,1.18099,1.17828,1.17969,45289,True
2021-08-30 21:00:00,1.17972,1.18452,1.17954,1.18088,80680,True
2021-08-31 21:00:00,1.18098,1.18573,1.17937,1.184,72453,True
2021-09-01 21:00:00,1.18416,1.18761,1.18344,1.1875,54191,True
2021-09-02 21:00:00,1.18754,1.19092,1.1866,1.18791,79226,True
2021-09-05 21:00:00,1.18802,1.18864,1.1856,1.18709,31814,True
2021-09-06 21:00:00,1.18705,1.18853,1.18374,1.18422,69165,True
2021-09-07 21:00:00,1.18408,1.18511,1.1802,1.18158,75039,True
2021-09-08 21:00:00,1.18166,1.18414,1.18052,1.18238,77555,True
2021-09-09 21:00:00,1.18252,1.18512,1.18095,1.18107,67414,True
2021-09-12 21:00:00,1.18156,1.18171,1.17701,1.18103,64456,True
2021-09-13 21:00:00,1.1811,1.18459,1.18002,1.1804,76763,True
2021-09-14 21:00:00,1.1808,1.1832,1.17993,1.18158,72649,True
2021-09-15 21:00:00,1.18165,1.18208,1.17505,1.17688,77544,True
2021-09-16 21:00:00,1.17678,1.1789,1.17243,1.17243,72387,True
2021-09-19 21:00:00,1.17319,1.17365,1.17002,1.17267,68425,True
2021-09-20 21:00:00,1.1726,1.17487,1.17148,1.17255,74282,True
2021-09-21 21:00:00,1.17256,1.17556,1.16844,1.1688,105085,True
2021-09-22 21:00:00,1.1689,1.17503,1.16834,1.17388,83418,True
2021-09-23 21:00:00,1.17388,1.17478,1.17008,1.17206,60800,True
2021-09-26 21:00:00,1.17281,1.17281,1.16846,1.16953,83802,True
2021-09-27 21:00:00,1.16989,1.17033,1.16682,1.16834,92804,True
2021-09-28 21:00:00,1.16836,1.16903,1.15894,1.15971,89055,True
2021-09-29 21:00:00,1.1598,1.16098,1.15626,1.15776,99241,True
2021-09-30 21:00:00,1.158,1.16074,1.1563,1.1593,89519,True
2021-10-03 21:00:00,1.1598,1.16402,1.15877,1.16204,83508,True
2021-10-04 21:00:00,1.16199,1.16221,1.15807,1.15978,78186,True
2021-10-05 21:00:00,1.15988,1.16063,1.15291,1.15567,94569,True
2021-10-06 21:00:00,1.15574,1.15724,1.15474,1.15536,73718,True
2021-10-07 21:00:00,1.1554,1.15862,1.15414,1.15744,84777,True
2021-10-10 21:00:00,1.15715,1.15869,1.15491,1.15532,56713,True
2021-10-11 21:00:00,1.15532,1.15702,1.15244,1.15302,72813,True
2021-10-12 21:00:00,1.15306,1.15974,1.15285,1.15958,89177,True
2021-10-13 21:00:00,1.15943,1.16244,1.1584,1.15971,62040,True
2021-10-14 21:00:00,1.15966,1.16188,1.15882,1.1599,75852,True
2021-10-17 21:00:00,1.15931,1.16226,1.15718,1.16112,80282,True
2021-10-18 21:00:00,1.16102,1.16695,1.16086,1.1633,71722,True
2021-10-19 21:00:00,1.16338,1.16586,1.1617,1.1651,75103,True
2021-10-20 21:00:00,1.1652,1.16676,1.16196,1.16249,77336,True
2021-10-21 21:00:00,1.16226,1.16558,1.16214,1.16459,74283,True
2021-10-24 21:00:00,1.16412,1.16654,1.15906,1.16106,69608,True
2021-10-25 21:00:00,1.16076,1.16258,1.15849,1.15964,66896,True
2021-10-26 21:00:00,1.15925,1.16262,1.15848,1.16033,89240,True
2021-10-27 21:00:00,1.16036,1.16923,1.15823,1.1683,106125,True
2021-10-28 21:00:00,1.16831,1.16902,1.15352,1.15619,98677,True
2021-10-31 21:00:00,1.15596,1.1609,1.15461,1.16062,70837,True
2021-11-01 21:00:00,1.16042,1.16136,1.15752,1.15799,63708,True
2021-11-02 21:00:00,1.15788,1.16164,1.15624,1.16117,92169,True
2021-11-03 21:00:00,1.16122,1.16166,1.15282,1.15544,83757,True
2021-11-04 21:00:00,1.15536,1.15736,1.15133,1.15681,90285,True
2021-11-07 22:00:00,1.1559,1.1595,1.15505,1.15872,64327,True
2021-11-08 22:00:00,1.15872,1.16089,1.15698,1.15944,79637,True
2021-11-09 22:00:00,1.15952,1.15956,1.14762,1.14778,108882,True
2021-11-10 22:00:00,1.14788,1.14876,1.1443,1.14493,56698,True
2021-11-11 22:00:00,1.14524,1.14623,1.1433,1.14433,68901,True
2021-11-14 22:00:00,1.14486,1.1464,1.13564,1.13676,75797,True
2021-11-15 22:00:00,1.13699,1.13858,1.13089,1.13204,86523,True
2021-11-16 22:00:00,1.13222,1.13322,1.12637,1.13189,84721,True
2021-11-17 22:00:00,1.132,1.13742,1.13138,1.1373,72021,True
2021-11-18 22:00:00,1.13692,1.13734,1.12498,1.12819,104035,True
2021-11-21 22:00:00,1.12814,1.12905,1.12308,1.12344,99650,True
2021-11-22 22:00:00,1.12374,1.12751,1.1226,1.12492,98043,True
2021-11-23 22:00:00,1.12479,1.12554,1.11862,1.12008,97936,True
2021-11-24 22:00:00,1.11988,1.12298,1.11988,1.12092,35058,True
2021-11-25 22:00:00,1.1208,1.13343,1.12062,1.13102,130949,True
2021-11-28 22:00:00,1.13026,1.13163,1.12584,1.12925,104402,True
2021-11-29 22:00:00,1.12918,1.1383,1.1235,1.13392,120148,True
2021-11-30 22:00:00,1.13398,1.13598,1.13026,1.132,85936,True
2021-12-01 22:00:00,1.13188,1.13478,1.12953,1.1301,66364,True
2021-12-02 22:00:00,1.1301,1.13338,1.12666,1.13109,82876,True
2021-12-05 22:00:00,1.1303,1.13133,1.12664,1.12857,56070,True
2021-12-06 22:00:00,1.12859,1.12984,1.12274,1.12686,66463,True
2021-12-07 22:00:00,1.12674,1.13548,1.12666,1.13433,76304,True
2021-12-08 22:00:00,1.13445,1.13462,1.12784,1.12933,60257,True
2021-12-09 22:00:00,1.12914,1.1324,1.12651,1.13178,61479,True
2021-12-12 22:00:00,1.13153,1.13194,1.12602,1.12862,55965,True
2021-12-13 22:00:00,1.12844,1.13238,1.12537,1.12574,55054,True
2021-12-14 22:00:00,1.12584,1.12992,1.12218,1.12948,81687,True
2021-12-15 22:00:00,1.12905,1.13604,1.12812,1.13306,76972,True
2021-12-16 22:00:00,1.13316,1.1349,1.1235,1.1236,61481,True
2021-12-19 22:00:00,1.1238,1.1304,1.12347,1.12766,63918,True
2021-12-20 22:00:00,1.12849,1.13026,1.12608,1.12841,54860,True
2021-12-21 22:00:00,1.12864,1.13425,1.12644,1.13276,52085,True
2021-12-22 22:00:00,1.13265,1.13424,1.12902,1.13275,50018,True
2021-12-23 22:00:00,1.13255,1.13436,1.13037,1.13105,21521,True
2021-12-26 22:00:00,1.13183,1.13346,1.1303,1.13274,28776,True
2021-12-27 22:00:00,1.13296,1.13335,1.12896,1.13084,33197,True
2021-12-28 22:00:00,1.13112,1.1369,1.12738,1.13472,51721,True
2021-12-29 22:00:00,1.13491,1.136,1.12986,1.13258,47424,True
2021-12-30 22:00:00,1.13252,1.13864,1.13034,1.1373,39738,True
2022-01-02 22:00:00,1.13725,1.13795,1.12798,1.12974,53951,True
2022-01-03 22:00:00,1.12965,1.13226,1.12724,1.12864,62874,True
2022-01-04 22:00:00,1.12863,1.13465,1.12772,1.13129,66217,True
2022-01-05 22:00:00,1.1313,1.13318,1.12846,1.12984,67886,True
2022-01-06 22:00:00,1.12967,1.13648,1.129,1.13616,60371,True
2022-01-09 22:00:00,1.13598,1.1361,1.1285,1.1328,67355,True
2022-01-10 22:00:00,1.13268,1.13755,1.1313,1.13693,56484,True
2022-01-11 22:00:00,1.13702,1.14528,1.13548,1.14409,65485,True
2022-01-12 22:00:00,1.14416,1.14818,1.14358,1.14541,64389,True
2022-01-13 22:00:00,1.14561,1.14827,1.13985,1.14154,72034,True
2022-01-16 22:00:00,1.1416,1.14344,1.13918,1.14064,38901,True
2022-01-17 22:00:00,1.14105,1.14216,1.13147,1.13277,80534,True
2022-01-18 22:00:00,1.13235,1.13572,1.13188,1.13422,63943,True
2022-01-19 22:00:00,1.13428,1.1369,1.13032,1.131,64189,True
2022-01-20 22:00:00,1.13127,1.13599,1.1301,1.13444,62656,True
2022-01-23 22:00:00,1.13434,1.13466,1.12904,1.13242,77433,True
2022-01-24 22:00:00,1.13268,1.13292,1.12632,1.13016,66181,True
2022-01-25 22:00:00,1.1301,1.13108,1.12353,1.1241,77647,True
2022-01-26 22:00:00,1.12418,1.12434,1.11316,1.11441,83147,True
2022-01-27 22:00:00,1.11473,1.11738,1.11214,1.11492,84354,True
2022-01-30 22:00:00,1.11453,1.12478,1.11382,1.1233,76946,True
2022-01-31 22:00:00,1.12357,1.12789,1.1221,1.12736,65545,True
2022-02-01 22:00:00,1.12712,1.13304,1.12668,1.13055,55888,True
2022-02-02 22:00:00,1.13059,1.14514,1.12672,1.14392,101687,True
2022-02-03 22:00:00,1.14382,1.14839,1.14116,1.14516,93059,True
2022-02-06 22:00:00,1.14615,1.14639,1.14153,1.14416,67696,True
2022-02-07 22:00:00,1.14416,1.14488,1.13962,1.1417,58939,True
2022-02-08 22:00:00,1.14165,1.14478,1.14026,1.14233,49379,True
2022-02-09 22:00:00,1.1425,1.1495,1.13749,1.1428,98431,True
2022-02-10 22:00:00,1.14296,1.14315,1.13298,1.13472,112263,True
2022-02-13 22:00:00,1.13403,1.13692,1.12801,1.13064,207542,True
2022-02-14 22:00:00,1.13064,1.13684,1.13011,1.13586,148025,True
2022-02-15 22:00:00,1.1358,1.1396,1.1345,1.13736,135186,True
2022-02-16 22:00:00,1.13736,1.13863,1.13232,1.13622,190160,True
2022-02-17 22:00:00,1.13625,1.13772,1.1314,1.13237,139723,True
2022-02-20 22:00:00,1.13221,1.13909,1.13066,1.131,104958,True
2022-02-21 22:00:00,1.13138,1.1367,1.1288,1.13264,179594,True
2022-02-22 22:00:00,1.1326,1.13592,1.13012,1.13046,125757,True
2022-02-23 22:00:00,1.1308,1.13111,1.11064,1.11938,386009,True
2022-02-24 22:00:00,1.11923,1.12744,1.1166,1.12712,231516,True
2022-02-27 22:00:00,1.12712,1.12712,1.11422,1.12194,288216,True
2022-02-28 22:00:00,1.12182,1.12332,1.10897,1.11231,238815,True
2022-03-01 22:00:00,1.11253,1.11441,1.10575,1.1123,272353,True
2022-03-02 22:00:00,1.11195,1.1122,1.10335,1.10656,193718,True
2022-03-03 22:00:00,1.1064,1.10681,1.08858,1.09376,262980,True
2022-03-06 22:00:00,1.09294,1.09326,1.0806,1.08546,351350,True
2022-03-07 22:00:00,1.08564,1.09584,1.08494,1.08949,342990,True
2022-03-08 22:00:00,1.0901,1.10952,1.08901,1.10769,247216,True
2022-03-09 22:00:00,1.10725,1.11216,1.09762,1.09884,310280,True
2022-03-10 22:00:00,1.0985,1.10436,1.0902,1.0912,241632,True
2022-03-13 21:00:00,1.09228,1.0994,1.09006,1.094,202367,True
2022-03-14 21:00:00,1.09464,1.10199,1.09261,1.09522,218636,True
2022-03-15 21:00:00,1.09538,1.1047,1.09486,1.10354,279641,True
2022-03-16 21:00:00,1.1036,1.11376,1.10078,1.10911,184186,True
2022-03-17 21:00:00,1.10928,1.11186,1.1003,1.10512,188016,True
2022-03-20 21:00:00,1.106,1.10704,1.10102,1.1017,144994,True
2022-03-21 21:00:00,1.10165,1.10459,1.0961,1.10298,183097,True
2022-03-22 21:00:00,1.1028,1.10439,1.0964,1.10073,155482,True
2022-03-23 21:00:00,1.10108,1.10138,1.09658,1.09981,174754,True
2022-03-24 21:00:00,1.09985,1.1038,1.09809,1.09847,175439,True
2022-03-27 21:00:00,1.09862,1.09996,1.09446,1.09858,198648,True
2022-03-28 21:00:00,1.09836,1.11374,1.09688,1.10866,271881,True
2022-03-29 21:00:00,1.10872,1.11712,1.10828,1.11588,221741,True
2022-03-30 21:00:00,1.1158,1.11849,1.1061,1.10671,225045,True
2022-03-31 21:00:00,1.10657,1.10764,1.1028,1.10494,184628,True
2022-04-03 21:00:00,1.10401,1.10545,1.09606,1.09714,143836,True
2022-04-04 21:00:00,1.0973,1.09886,1.09,1.09055,145973,True
2022-04-05 21:00:00,1.09055,1.09381,1.08745,1.08964,208595,True
2022-04-06 21:00:00,1.08936,1.09386,1.08646,1.08794,172519,True
2022-04-07 21:00:00,1.08813,1.08918,1.08364,1.08762,145104,True
2022-04-10 21:00:00,1.09182,1.09334,1.08727,1.08835,152290,True
2022-04-11 21:00:00,1.0884,1.0904,1.08214,1.08268,191032,True
2022-04-12 21:00:00,1.08273,1.08943,1.08089,1.0892,158919,True
2022-04-13 21:00:00,1.08841,1.09236,1.07574,1.08282,217840,True
2022-04-14 21:00:00,1.08292,1.08307,1.07968,1.08149,97196,True
2022-04-17 21:00:00,1.08058,1.08218,1.07699,1.07816,97663,True
2022-04-18 21:00:00,1.07797,1.08144,1.07612,1.07886,149728,True
2022-04-19 21:00:00,1.0788,1.08672,1.0784,1.0855,176886,True
2022-04-20 21:00:00,1.08547,1.09364,1.08237,1.08316,187261,True
2022-04-21 21:00:00,1.08369,1.08516,1.07706,1.07974,183053,True
2022-04-24 21:00:00,1.08079,1.08158,1.06968,1.07111,237827,True
2022-04-25 21:00:00,1.07132,1.07387,1.06358,1.06368,183770,True
2022-04-26 21:00:00,1.06372,1.06548,1.05146,1.05586,218607,True
2022-04-27 21:00:00,1.05618,1.0565,1.04713,1.0499,260891,True
2022-04-28 21:00:00,1.04996,1.0593,1.04914,1.05453,211355,True
2022-05-01 21:00:00,1.05543,1.05685,1.04904,1.05076,171425,True
2022-05-02 21:00:00,1.05029,1.05776,1.04922,1.05202,173480,True
2022-05-03 21:00:00,1.05217,1.06312,1.05061,1.06206,190100,True
2022-05-04 21:00:00,1.06227,1.0642,1.04927,1.05396,243862,True
2022-05-05 21:00:00,1.0539,1.0599,1.04828,1.05458,285992,True
2022-05-08 21:00:00,1.05425,1.05926,1.04952,1.05602,189504,True
2022-05-09 21:00:00,1.05594,1.05854,1.05252,1.05299,201448,True
2022-05-10 21:00:00,1.05286,1.05772,1.0502,1.05136,237061,True
2022-05-11 21:00:00,1.05166,1.05294,1.03538,1.0381,191082,True
2022-05-12 21:00:00,1.03781,1.04198,1.03492,1.04072,157178,True
2022-05-15 21:00:00,1.04058,1.04432,1.03892,1.04343,135770,True
2022-05-16 21:00:00,1.04337,1.05558,1.04286,1.05536,174703,True
2022-05-17 21:00:00,1.05492,1.05639,1.04611,1.04626,154224,True
2022-05-18 21:00:00,1.04632,1.06072,1.04616,1.05842,215518,True
2022-05-19 21:00:00,1.05844,1.05994,1.05329,1.05554,150461,True
2022-05-22 21:00:00,1.05648,1.06975,1.05586,1.06912,152047,True
2022-05-23 21:00:00,1.06909,1.07487,1.0661,1.07359,169228,True
2022-05-24 21:00:00,1.07362,1.0739,1.06421,1.06798,166318,True
2022-05-25 21:00:00,1.06819,1.07317,1.06626,1.07302,135007,True
2022-05-26 21:00:00,1.07257,1.07652,1.06968,1.07334,124909,True
2022-05-29 21:00:00,1.07375,1.0787,1.07262,1.078,85924,True
2022-05-30 21:00:00,1.07775,1.07798,1.0679,1.07322,172416,True
2022-05-31 21:00:00,1.07348,1.07394,1.06273,1.06518,147099,True
2022-06-01 21:00:00,1.06476,1.07502,1.06451,1.07488,111274,True
2022-06-02 21:00:00,1.07466,1.07646,1.07041,1.07194,104425,True
2022-06-05 21:00:00,1.07222,1.07519,1.06839,1.06958,104089,True
2022-06-06 21:00:00,1.06965,1.07142,1.0652,1.07054,133711,True
2022-06-07 21:00:00,1.07018,1.07486,1.06715,1.07164,127759,True
2022-06-08 21:00:00,1.0718,1.07742,1.06113,1.06188,207770,True
2022-06-09 21:00:00,1.06172,1.06424,1.05059,1.05204,192604,True
2022-06-12 21:00:00,1.05154,1.05203,1.03998,1.04086,234511,True
2022-06-13 21:00:00,1.04081,1.0485,1.0397,1.0417,217314,True
2022-06-14 21:00:00,1.04114,1.05078,1.03593,1.04466,204826,True
2022-06-15 21:00:00,1.04444,1.06014,1.03809,1.05524,183417,True
2022-06-16 21:00:00,1.05496,1.05612,1.04445,1.04938,156233,True
2022-06-19 21:00:00,1.04841,1.0546,1.04746,1.05112,85713,True
2022-06-20 21:00:00,1.05088,1.05826,1.05086,1.05348,101517,True
2022-06-21 21:00:00,1.05358,1.06058,1.04688,1.05688,128826,True
2022-06-22 21:00:00,1.05666,1.05812,1.04829,1.05212,151154,True
2022-06-23 21:00:00,1.0524,1.05712,1.05122,1.05564,104806,True
2022-06-26 21:00:00,1.05571,1.06151,1.05502,1.05823,105537,True
2022-06-27 21:00:00,1.0583,1.06063,1.05032,1.05222,117433,True
2022-06-28 21:00:00,1.05196,1.05356,1.04352,1.04416,130636,True
2022-06-29 21:00:00,1.0441,1.04888,1.03824,1.04834,139865,True
2022-06-30 21:00:00,1.04837,1.04858,1.03655,1.04265,145041,True
2022-07-03 21:00:00,1.04245,1.04629,1.04172,1.04228,66012,True
2022-07-04 21:00:00,1.04234,1.04488,1.02352,1.02652,146797,True
2022-07-05 21:00:00,1.02676,1.02768,1.01615,1.01851,158288,True
2022-07-06 21:00:00,1.01824,1.02212,1.01442,1.01614,122991,True
2022-07-07 21:00:00,1.01639,1.01914,1.00716,1.01854,138828,True
2022-07-10 21:00:00,1.01783,1.01836,1.00337,1.00393,119074,True
2022-07-11 21:00:00,1.004,1.00739,1.0,1.00374,140546,True
2022-07-12 21:00:00,1.00363,1.01224,0.9998,1.0058,158173,True
2022-07-13 21:00:00,1.00595,1.006,0.99522,1.00206,167428,True
2022-07-14 21:00:00,1.0018,1.0098,1.0007,1.00878,127690,True
2022-07-17 21:00:00,1.00853,1.02014,1.00787,1.01444,120545,True
2022-07-18 21:00:00,1.0143,1.02694,1.01196,1.02258,135438,True
2022-07-19 21:00:00,1.02275,1.02734,1.01554,1.0181,126659,True
2022-07-20 21:00:00,1.01784,1.02781,1.01536,1.02304,163593,True
2022-07-21 21:00:00,1.02288,1.02554,1.01298,1.02151,142936,True
2022-07-24 21:00:00,1.02145,1.02579,1.01786,1.02224,127680,True
2022-07-25 21:00:00,1.02195,1.02502,1.01076,1.01174,109878,True
2022-07-26 21:00:00,1.01164,1.02209,1.00968,1.01996,124883,True
2022-07-27 21:00:00,1.0199,1.02346,1.0114,1.01964,151022,True
2022-07-28 21:00:00,1.01968,1.02543,1.0146,1.02266,144389,True
2022-07-31 21:00:00,1.02175,1.02754,1.02056,1.02602,122302,True
2022-08-01 21:00:00,1.02612,1.0294,1.01636,1.0166,150140,True
2022-08-02 21:00:00,1.01657,1.02104,1.01228,1.01692,126623,True
2022-08-03 21:00:00,1.0166,1.02538,1.01542,1.02468,112261,True
2022-08-04 21:00:00,1.02473,1.02523,1.01416,1.01814,119098,True
2022-08-07 21:00:00,1.01755,1.0222,1.01592,1.01936,100665,True
2022-08-08 21:00:00,1.01928,1.02474,1.01887,1.02129,82368,True
2022-08-09 21:00:00,1.0213,1.03688,1.02019,1.02996,123712,True
2022-08-10 21:00:00,1.03006,1.03644,1.02755,1.0324,124217,True
2022-08-11 21:00:00,1.03198,1.03274,1.02384,1.0259,106328,True
2022-08-14 21:00:00,1.02571,1.02683,1.01544,1.01596,92291,True
2022-08-15 21:00:00,1.0162,1.01949,1.01226,1.01709,102800,True
2022-08-16 21:00:00,1.01705,1.02031,1.01454,1.01781,114814,True
2022-08-17 21:00:00,1.01773,1.01932,1.00794,1.00876,103709,True
2022-08-18 21:00:00,1.00884,1.00956,1.00321,1.00416,89121,True
2022-08-21 21:00:00,1.00405,1.00467,0.99262,0.99419,94629,True
2022-08-22 21:00:00,0.9943,1.00186,0.99006,0.99672,105409,True
2022-08-23 21:00:00,0.99698,0.99994,0.99101,0.99682,90931,True
2022-08-24 21:00:00,0.99673,1.00336,0.99492,0.9974,95587,True
2022-08-25 21:00:00,0.99738,1.00902,0.99466,0.99632,111381,True
2022-08-28 21:00:00,0.9946,1.00292,0.99143,0.99982,95567,True
2022-08-29 21:00:00,0.99986,1.0055,0.9982,1.0016,123234,True
2022-08-30 21:00:00,1.00145,1.00792,0.99713,1.00544,118460,True
2022-08-31 21:00:00,1.00542,1.00567,0.99108,0.9947,120034,True
2022-09-01 21:00:00,0.99448,1.00336,0.9943,0.99564,115541,True
2022-09-04 21:00:00,0.99294,0.99444,0.9878,0.99302,89315,True
2022-09-05 21:00:00,0.99284,0.99866,0.9864,0.99059,120395,True
2022-09-06 21:00:00,0.9908,1.0011,0.98756,1.00072,108669,True
2022-09-07 21:00:00,1.0009,1.00302,0.99306,0.99992,139742,True
2022-09-08 21:00:00,0.99969,1.01136,0.99966,1.00467,126134,True
2022-09-11 21:00:00,1.0102,1.01978,1.00598,1.01222,128003,True
2022-09-12 21:00:00,1.01226,1.01872,0.9967,0.99674,129228,True
2022-09-13 21:00:00,0.99699,1.00239,0.99556,0.9979,127389,True
2022-09-14 21:00:00,0.99758,1.00178,0.99558,0.99972,93569,True
2022-09-15 21:00:00,1.0001,1.00364,0.99452,1.0017,107711,True
2022-09-18 21:00:00,1.00122,1.00294,0.9966,1.00253,81493,True
2022-09-19 21:00:00,1.00252,1.00507,0.99552,0.997,111267,True
2022-09-20 21:00:00,0.99752,0.99768,0.98131,0.98382,156763,True
2022-09-21 21:00:00,0.98373,0.99076,0.98073,0.98346,167217,True
2022-09-22 21:00:00,0.98368,0.98521,0.96682,0.96914,144806,True
2022-09-25 21:00:00,0.96755,0.97098,0.95514,0.9609,227212,True
2022-09-26 21:00:00,0.96094,0.9671,0.95692,0.95936,156393,True
2022-09-27 21:00:00,0.95907,0.9751,0.9536,0.97368,206545,True
2022-09-28 21:00:00,0.97351,0.98151,0.96358,0.9814,177442,True
2022-09-29 21:00:00,0.98168,0.98539,0.97346,0.98016,184011,True
2022-10-02 21:00:00,0.97969,0.98446,0.97529,0.9825,156813,True
2022-10-03 21:00:00,0.98258,0.99996,0.98062,0.99879,160479,True
2022-10-04 21:00:00,0.9987,0.99952,0.98348,0.98854,138774,True
2022-10-05 21:00:00,0.98853,0.99266,0.97883,0.97922,154366,True
2022-10-06 21:00:00,0.97901,0.9817,0.97262,0.97422,151397,True
2022-10-09 21:00:00,0.97356,0.97534,0.96816,0.97046,120130,True
2022-10-10 21:00:00,0.97036,0.97748,0.96704,0.97036,160442,True
2022-10-11 21:00:00,0.97085,0.9735,0.96679,0.97038,145447,True
2022-10-12 21:00:00,0.97012,0.98061,0.96315,0.97789,184471,True
2022-10-13 21:00:00,0.97746,0.98088,0.97074,0.97237,168029,True
2022-10-16 21:00:00,0.97253,0.98522,0.972,0.98446,134837,True
2022-10-17 21:00:00,0.98402,0.98757,0.98128,0.98588,137618,True
2022-10-18 21:00:00,0.9857,0.98727,0.97572,0.97726,129543,True
2022-10-19 21:00:00,0.97723,0.98455,0.97546,0.97886,142705,True
2022-10-20 21:00:00,0.97861,0.98692,0.97049,0.98605,203176,True
2022-10-23 21:00:00,0.98679,0.98996,0.9807,0.98736,185036,True
2022-10-24 21:00:00,0.98753,0.99768,0.98488,0.99679,112701,True
2022-10-25 21:00:00,0.99662,1.00888,0.99434,1.00852,136232,True
2022-10-26 21:00:00,1.00812,1.00938,0.99577,0.99648,165822,True
2022-10-27 21:00:00,0.99655,0.99982,0.99265,0.9966,128816,True
2022-10-30 21:00:00,0.99548,0.99658,0.9873,0.98828,94532,True
2022-10-31 21:00:00,0.98812,0.9954,0.9853,0.98742,117309,True
2022-11-01 21:00:00,0.98836,0.9976,0.9813,0.98156,139129,True
2022-11-02 21:00:00,0.98188,0.98398,0.97302,0.975,129112,True
2022-11-03 21:00:00,0.97531,0.99666,0.97426,0.99589,151886,True
2022-11-06 22:00:00,0.99086,1.00345,0.99048,1.0021,127327,True
2022-11-07 22:00:00,1.00181,1.00965,0.99716,1.00732,104484,True
2022-11-08 22:00:00,1.00769,1.00884,0.9993,1.00117,151708,True
2022-11-09 22:00:00,1.00118,1.0222,0.99354,1.02076,174865,True
2022-11-10 22:00:00,1.02063,1.03642,1.01632,1.03542,177951,True
2022-11-13 22:00:00,1.03351,1.03586,1.02716,1.03271,155500,True
2022-11-14 22:00:00,1.03282,1.04815,1.02802,1.03481,215529,True
2022-11-15 22:00:00,1.03489,1.04386,1.03309,1.03944,179041,True
2022-11-16 22:00:00,1.0392,1.04068,1.03053,1.0365,149023,True
2022-11-17 22:00:00,1.03626,1.03962,1.03138,1.03223,124224,True
2022-11-20 22:00:00,1.03253,1.03334,1.02227,1.02416,120867,True
2022-11-21 22:00:00,1.02444,1.03082,1.02389,1.03026,103314,True
2022-11-22 22:00:00,1.03035,1.04052,1.02966,1.03954,122519,True
2022-11-23 22:00:00,1.03992,1.04485,1.03818,1.04118,87087,True
2022-11-24 22:00:00,1.0411,1.04293,1.03548,1.03965,101478,True
2022-11-27 22:00:00,1.03769,1.04968,1.03302,1.03406,145068,True
2022-11-28 22:00:00,1.03398,1.03946,1.03202,1.0329,141495,True
2022-11-29 22:00:00,1.03354,1.04288,1.02904,1.04072,161103,True
2022-11-30 22:00:00,1.04082,1.0534,1.03933,1.0526,173509,True
2022-12-01 22:00:00,1.0523,1.05452,1.04284,1.05406,160645,True
2022-12-04 22:00:00,1.05357,1.0595,1.04804,1.04948,132147,True
2022-12-05 22:00:00,1.04903,1.0533,1.04594,1.0467,124937,True
2022-12-06 22:00:00,1.04671,1.05498,1.04434,1.05064,135700,True
2022-12-07 22:00:00,1.05081,1.0565,1.04896,1.05552,123714,True
2022-12-08 22:00:00,1.05573,1.05883,1.05036,1.0533,134768,True
2022-12-11 22:00:00,1.05328,1.05803,1.0506,1.05378,118400,True
2022-12-12 22:00:00,1.05358,1.06736,1.05281,1.06317,157880,True
2022-12-13 22:00:00,1.06322,1.06951,1.0619,1.06822,167293,True
2022-12-14 22:00:00,1.06812,1.07362,1.05924,1.06267,145081,True
2022-12-15 22:00:00,1.06285,1.06633,1.05848,1.05848,136862,True
2022-12-18 22:00:00,1.0589,1.0658,1.0576,1.06079,114390,True
2022-12-19 22:00:00,1.0606,1.06586,1.0579,1.06213,171040,True
2022-12-20 22:00:00,1.06268,1.06454,1.05904,1.06052,115336,True
2022-12-21 22:00:00,1.0606,1.06595,1.05734,1.05972,115566,True
2022-12-22 22:00:00,1.05964,1.06332,1.05868,1.06162,107436,True
2022-12-26 22:00:00,1.06357,1.06696,1.06115,1.0638,85926,True
2022-12-27 22:00:00,1.06408,1.06746,1.06067,1.06122,100590,True
2022-12-28 22:00:00,1.0612,1.06906,1.06097,1.0661,99003,True
2022-12-29 22:00:00,1.06616,1.07133,1.06386,1.07039,112688,True
2023-01-01 22:00:00,1.06999,1.0709,1.06504,1.06638,24282,True
2023-01-02 22:00:00,1.06675,1.06835,1.05195,1.0549,160925,True
2023-01-03 22:00:00,1.05478,1.06354,1.05408,1.06044,156265,True
2023-01-04 22:00:00,1.06039,1.06316,1.0515,1.05215,142856,True
2023-01-05 22:00:00,1.0521,1.06482,1.04833,1.06444,140908,True
2023-01-08 22:00:00,1.0642,1.07608,1.06394,1.07338,125025,True
2023-01-09 22:00:00,1.07323,1.07594,1.07122,1.07342,128682,True
2023-01-10 22:00:00,1.07346,1.07764,1.07256,1.07579,105773,True
2023-01-11 22:00:00,1.07566,1.0867,1.07305,1.08514,173694,True
2023-01-12 22:00:00,1.08487,1.0868,1.07804,1.08324,133909,True
2023-01-15 22:00:00,1.08311,1.08743,1.08015,1.08237,84117,True
2023-01-16 22:00:00,1.0822,1.08695,1.07744,1.0788,138121,True
2023-01-17 22:00:00,1.07904,1.08876,1.07662,1.07946,172576,True
2023-01-18 22:00:00,1.07904,1.084,1.07822,1.08312,134741,True
2023-01-19 22:00:00,1.0832,1.0859,1.08024,1.08555,104416,True
2023-01-22 22:00:00,1.0865,1.0927,1.08462,1.08718,120629,True
2023-01-23 22:00:00,1.08718,1.08981,1.08352,1.08882,102998,True
2023-01-24 22:00:00,1.08866,1.09237,1.08574,1.09152,107504,True
2023-01-25 22:00:00,1.09168,1.09296,1.08506,1.08912,110169,True
2023-01-26 22:00:00,1.08916,1.09004,1.08379,1.08679,98738,True
2023-01-29 22:00:00,1.08646,1.09139,1.08394,1.08517,108728,True
2023-01-30 22:00:00,1.08494,1.08749,1.08022,1.08632,115292,True
2023-01-31 22:00:00,1.08642,1.10013,1.08522,1.09896,132388,True
2023-02-01 22:00:00,1.09886,1.1033,1.08854,1.09098,150747,True
2023-02-02 22:00:00,1.09096,1.09404,1.07928,1.07939,140273,True
2023-02-05 22:00:00,1.07843,1.07991,1.07094,1.0725,110382,True
2023-02-06 22:00:00,1.07276,1.07667,1.06692,1.07274,147993,True
2023-02-07 22:00:00,1.07241,1.07609,1.07095,1.07143,102849,True
2023-02-08 22:00:00,1.07126,1.07911,1.07094,1.0739,113684,True
2023-02-09 22:00:00,1.07383,1.07528,1.06662,1.06774,119559,True
2023-02-12 22:00:00,1.06834,1.073,1.06556,1.07242,96789,True
2023-02-13 22:00:00,1.07223,1.08047,1.07068,1.07357,154919,True
2023-02-14 22:00:00,1.07376,1.07446,1.06605,1.0688,122441,True
2023-02-15 22:00:00,1.06893,1.07226,1.06544,1.0673,135048,True
2023-02-16 22:00:00,1.06726,1.06984,1.06128,1.06937,115350,True
2023-02-19 22:00:00,1.06878,1.07048,1.06702,1.06844,67390,True
2023-02-20 22:00:00,1.06852,1.06984,1.06375,1.06464,119736,True
2023-02-21 22:00:00,1.0649,1.06642,1.05992,1.06044,129980,True
2023-02-22 22:00:00,1.06059,1.06278,1.0577,1.0595,109508,True
2023-02-23 22:00:00,1.0593,1.06143,1.05362,1.05457,127483,True
2023-02-26 22:00:00,1.05484,1.062,1.05328,1.06098,103143,True
2023-02-27 22:00:00,1.0606,1.06454,1.05742,1.05753,107681,True
2023-02-28 22:00:00,1.05764,1.06915,1.05653,1.06696,137054,True
2023-03-01 22:00:00,1.0669,1.0673,1.05766,1.05969,124860,True
2023-03-02 22:00:00,1.0599,1.06388,1.05883,1.06342,106377,True
2023-03-05 22:00:00,1.06273,1.06944,1.06222,1.06831,101215,True
2023-03-06 22:00:00,1.06777,1.06946,1.0546,1.05492,135849,True
2023-03-07 22:00:00,1.0549,1.0574,1.05244,1.05432,108136,True
2023-03-08 22:00:00,1.05462,1.05913,1.05381,1.05822,98909,True
2023-03-09 22:00:00,1.058,1.0701,1.0574,1.06386,179102,True
2023-03-12 21:00:00,1.06824,1.07486,1.06504,1.07316,237863,True
2023-03-13 21:00:00,1.07278,1.07496,1.0679,1.07332,180414,True
2023-03-14 21:00:00,1.07382,1.076,1.05161,1.05756,198477,True
2023-03-15 21:00:00,1.0576,1.06356,1.0551,1.06124,182867,True
2023-03-16 21:00:00,1.06089,1.06854,1.06081,1.06656,138024,True
2023-03-19 21:00:00,1.0689,1.07308,1.06313,1.07238,146084,True
2023-03-20 21:00:00,1.07202,1.07886,1.0704,1.07694,104134,True
2023-03-21 21:00:00,1.07676,1.09124,1.07591,1.08561,121575,True
2023-03-22 21:00:00,1.0858,1.09298,1.08242,1.0832,126293,True
2023-03-23 21:00:00,1.08334,1.08388,1.07132,1.07598,135791,True
2023-03-26 21:00:00,1.0775,1.08002,1.0745,1.07992,94218,True
2023-03-27 21:00:00,1.0797,1.08487,1.07955,1.08454,85974,True
2023-03-28 21:00:00,1.08446,1.08718,1.08178,1.08453,88647,True
2023-03-29 21:00:00,1.0844,1.09264,1.08236,1.09062,92002,True
2023-03-30 21:00:00,1.09059,1.09258,1.08368,1.08422,95760,True
2023-04-02 21:00:00,1.08416,1.09166,1.07882,1.09028,96737,True
2023-04-03 21:00:00,1.09042,1.09734,1.08828,1.09566,95732,True
2023-04-04 21:00:00,1.09518,1.09699,1.08911,1.09076,90445,True
2023-04-05 21:00:00,1.0904,1.09378,1.08846,1.09217,71931,True
2023-04-06 21:00:00,1.09219,1.09242,1.08765,1.09012,24214,True
2023-04-09 21:00:00,1.09026,1.09174,1.08314,1.08614,57017,True
2023-04-10 21:00:00,1.08627,1.09282,1.08588,1.09131,80301,True
2023-04-11 21:00:00,1.09124,1.10006,1.09111,1.09904,88781,True
2023-04-12 21:00:00,1.09912,1.10678,1.09767,1.10472,79259,True
2023-04-13 21:00:00,1.10465,1.1076,1.09724,1.09944,89105,True
2023-04-16 21:00:00,1.09901,1.09999,1.09092,1.09274,81480,True
2023-04-17 21:00:00,1.0925,1.0983,1.09223,1.09738,74183,True
2023-04-18 21:00:00,1.0972,1.09842,1.09172,1.09561,85136,True
2023-04-19 21:00:00,1.09552,1.09898,1.09336,1.09705,84014,True
2023-04-20 21:00:00,1.0968,1.09939,1.0938,1.09893,81372,True
2023-04-23 21:00:00,1.099,1.10502,1.0966,1.10458,73272,True
2023-04-24 21:00:00,1.10461,1.10671,1.09642,1.09748,88096,True
2023-04-25 21:00:00,1.09724,1.10956,1.09684,1.10405,103751,True
2023-04-26 21:00:00,1.10425,1.10635,1.09922,1.1029,91365,True
2023-04-27 21:00:00,1.1025,1.1045,1.09626,1.1017,114842,True
2023-04-30 21:00:00,1.10207,1.10358,1.09644,1.0977,70228,True
2023-05-01 21:00:00,1.09738,1.1008,1.09422,1.1,95382,True
2023-05-02 21:00:00,1.10038,1.1092,1.10006,1.10608,102763,True
2023-05-03 21:00:00,1.10589,1.10917,1.0986,1.10132,118432,True
2023-05-04 21:00:00,1.10128,1.10479,1.09667,1.10188,86708,True
2023-05-07 21:00:00,1.10231,1.10538,1.10001,1.1004,65440,True
2023-05-08 21:00:00,1.10037,1.10054,1.09411,1.09605,79864,True
2023-05-09 21:00:00,1.0963,1.1007,1.09416,1.09834,90354,True
2023-05-10 21:00:00,1.09812,1.09982,1.09002,1.09158,99423,True
2023-05-11 21:00:00,1.09158,1.09356,1.0848,1.08498,80086,True
2023-05-14 21:00:00,1.08553,1.0891,1.08457,1.08745,69887,True
2023-05-15 21:00:00,1.08752,1.09048,1.0855,1.0862,78980,True
2023-05-16 21:00:00,1.08636,1.08738,1.08102,1.0839,81125,True
2023-05-17 21:00:00,1.08407,1.08482,1.07625,1.07712,78003,True
2023-05-18 21:00:00,1.07701,1.08289,1.076,1.08062,91228,True
2023-05-21 21:00:00,1.08078,1.08313,1.07955,1.0813,79266,True
2023-05-22 21:00:00,1.08121,1.08206,1.07602,1.07707,87204,True
2023-05-23 21:00:00,1.07721,1.08014,1.07481,1.07494,93899,True
2023-05-24 21:00:00,1.0751,1.07569,1.07072,1.0725,90798,True
2023-05-25 21:00:00,1.07264,1.07588,1.07018,1.07252,87893,True
2023-05-28 21:00:00,1.07223,1.07436,1.07055,1.07091,33561,True
2023-05-29 21:00:00,1.07118,1.07467,1.06725,1.07342,87205,True
2023-05-30 21:00:00,1.0729,1.07358,1.06352,1.06888,97959,True
